id,tstart,tend,value,noise
1,0,4,rtn+bird,42.637
2,4,8,rtn+eng+horn,42.749
3,8,12,rtn+eng+bird,43.327
4,12,16,rtn+eng+bird,43.402
5,16,20,rtn+eng+sire+bird,43.111
6,20,24,rtn+bird,42.44
7,24,28,rtn+bird+eng,43.775
8,28,32,rtn+horn+eng+bird,43.975
9,32,36,rtn+horn+eng,43.22
10,36,40,rtn+horn+bird+eng,45.016
11,40,44,rtn+bird,44.818
12,44,48,rtn+bird,44.787
13,48,52,rtn+bird,45.138
14,52,56,rtn+brak+bird,45.138
15,56,60,rtn,45.297
16,60,64,rtn+eng,43.633
17,64,68,rtn+eng+bird,44.515
18,68,72,rtn+bird+eng,44.181
19,72,76,rtn+bird+eng,44.074
20,76,80,rtn+bird+eng,45.055
21,80,84,rtn+bird+brak+eng,44.082
22,84,88,rtn+motorc+eng+bird,44.425
23,88,92,rtn+brak+bird+eng,44.42
24,92,96,rtn+eng+bird+brak,46.021
25,96,100,rtn+brak+bird+eng,46.629
26,100,104,rtn+bird+eng,48.243
27,104,108,rtn+troll+eng,50.505
28,108,112,rtn+bird+eng,49.822
29,112,116,rtn+eng+bird,51.759
30,116,120,rtn+eng,52.264
31,120,124,rtn+bird+eng,51.406
32,124,128,rtn+eng,52.726
33,128,132,rtn+eng+motorc,54.374
34,132,136,rtn+impls,54.578
35,136,140,rtn+eng,52.069
36,140,144,rtn+eng+motorc,52.283
37,144,148,rtn+motorc+eng+peop,54.921
38,148,152,rtn+eng+peop,57.827
39,152,156,rtn+peop+eng+brak,54.203
40,156,160,rtn+peop+hdoor+eng,54.973
41,160,164,rtn+eng,53.277
42,164,168,rtn+impls+eng,53.181
43,168,172,rtn+impls+eng,52.058
44,172,176,rtn+impls+eng,50.973
45,176,180,rtn+eng+motorc,51.086
46,180,184,rtn+eng+motorc,52.285
47,184,188,rtn+motorc+bird,51.168
48,188,192,rtn+bird,51.471
49,192,196,rtn+peop+motorc,51.179
50,196,200,rtn+eng+peop,51.836
51,200,204,rtn+peop+bird+eng,53.018
52,204,208,rtn+peop+eng,52.422
53,208,212,rtn+bird+peop+impls,52.325
54,212,216,rtn+peop+eng+motorc,52.635
55,216,220,rtn,53.16
56,220,224,rtn+motorc,53.108
57,224,228,rtn+motorc,53.394
58,228,232,rtn+motorc,54.222
59,232,236,rtn+eng,52.39
60,236,240,rtn+eng+horn,54.177
61,240,244,rtn+brak+eng,53.169
62,244,248,rtn+brak+peop+eng,52.784
63,248,252,rtn+peop+motorc+eng,54.164
64,252,256,rtn+motorc+peop+eng,54.066
65,256,260,rtn+peop+eng,54.357
66,260,264,rtn+peop+eng,54.656
67,264,268,rtn+peop+eng,55.04
68,268,272,rtn+peop+eng,56.139
69,272,276,rtn+eng+motorc+peop,55.303
70,276,280,rtn+motorc+peop+eng,54.421
71,280,284,rtn+motorc+peop+eng,54.015
72,284,288,rtn+eng,52.725
73,288,292,rtn+eng,53.055
74,292,296,rtn+eng+brak,52.557
75,296,300,rtn+motorc+eng,52.993
76,300,304,rtn+motorc+eng,53.152
77,304,308,rtn+motorc+eng,52.5
78,308,312,rtn+motorc+peop+eng,54.697
79,312,316,rtn+eng+motorc,52.747
80,316,320,rtn+motorc+eng,53.053
81,320,324,rtn+motorc+eng,52.412
82,324,328,rtn+motorc+eng,54.197
83,328,332,rtn+troll+brak+eng,53.994
84,332,336,rtn+motorc+troll+eng,54.056
85,336,340,rtn+troll+eng,54.581
86,340,344,rtn+troll+eng,52.971
87,344,348,rtn+brak+troll+eng+peop,52.365
88,348,352,rtn+impls+eng,53.337
89,352,356,rtn+eng+peop,55.07
90,356,360,rtn+impls+eng,52.983
91,360,364,rtn+eng,50.709
92,364,368,rtn+cdoor+eng,49.993
93,368,372,rtn+peop+motorc+eng,53.726
94,372,376,rtn+cdoor+eng+motorc,53.965
95,376,380,rtn+eng+motorc,54.953
96,380,384,rtn+motorc+eng,54.577
97,384,388,rtn+peop+eng,56.247
98,388,392,rtn+motorc+eng,57.745
99,392,396,rtn+bird+eng,57.322
100,396,400,rtn+brak+impls+eng,58.247
101,400,404,rtn+impls+eng,62.44
102,404,408,rtn+eng,61.812
103,408,412,rtn+eng,62.46
104,412,416,rtn+peop+glass+impls,58.465
105,416,420,rtn+glass+eng,55.907
106,420,424,rtn+motorc+eng,54.847
107,424,428,rtn,53.703
108,428,432,rtn+brak,54.058
109,432,436,rtn+brak,51.766
110,436,440,rtn,52.465
111,440,444,rtn+brak,51.69
112,444,448,rtn+motorc+eng,51.649
113,448,452,rtn+eng,53.905
114,452,456,rtn+eng,58.408
115,456,460,rtn+brak+eng,48.608
116,460,464,rtn+troll+eng,49.372
117,464,468,rtn+troll+brak+motorc+eng,49.885
118,468,472,rtn+motorc,51.162
119,472,476,rtn+eng+impls+brak,51.436
120,476,480,rtn,51.922
121,480,484,rtn+horn+impls,52.388
122,484,488,rtn+eng+brak+cdoor,51.99
123,488,492,rtn+eng,54.534
124,492,496,rtn+eng+peop,55.058
125,496,500,rtn+brak+eng,55.416
126,500,504,rtn+impls+eng,56.284
127,504,508,rtn+eng,54.523
128,508,512,rtn+eng,53.711
129,512,516,rtn+impls+eng,53.905
130,516,520,rtn+motorc+eng,53.862
131,520,524,rtn+motorc+eng,53.602
132,524,528,rtn+brak+eng,53.752
133,528,532,rtn+motorc+impls+eng,54.902
134,532,536,rtn+eng,56.301
135,536,540,cmplx,56.356
136,540,544,cmplx,55.537
137,544,548,rtn+eng,55.527
138,548,552,rtn+troll+eng,55.367
139,552,556,rtn+troll+eng,54.617
140,556,560,rtn+troll+eng+peop,52.732
141,560,564,rtn+troll+motorc+peop,55.844
142,564,568,rtn+troll+motorc,56.063
143,568,572,rtn,58.754
144,572,576,rtn+wind+motorc,58.254
145,576,580,rtn+motorc+wind,56.257
146,580,584,rtn+eng+wind,55.538
147,584,588,rtn+brak+eng,56.87
148,588,592,rtn+eng,58.217
149,592,596,rtn+motorc+eng,60.237
150,596,600,rtn+eng,58.226
151,600,604,rtn+peop+brak,56.416
152,604,608,rtn+eng+brak,57.647
153,608,612,rtn+motorc+eng,55.406
154,612,616,rtn+eng+motorc,55.244
155,616,620,rtn+eng,55.113
156,620,624,rtn+brak+motorc,53.871
157,624,628,rtn+eng+brak,54.556
158,628,632,rtn+eng,54.931
159,632,636,rtn+eng,54.859
160,636,640,rtn+eng+horn,55.306
161,640,644,rtn+eng,55.789
162,644,648,rtn+eng,56.123
163,648,652,rtn+eng,57.347
164,652,656,rtn+eng,58.046
165,656,660,rtn+eng+brak,58.641
166,660,664,rtn+eng+motorc,58.928
167,664,668,rtn+motorc+eng,57.978
168,668,672,rtn+eng,59.955
169,672,676,rtn+eng,60.732
170,676,680,rtn+eng+hdoor,60.526
171,680,684,rtn+eng,61.189
172,684,688,rtn+eng,59.391
173,688,692,rtn+eng,57.995
174,692,696,rtn+eng,58.355
175,696,700,rtn+motorc+cdoor,56.886
176,700,704,rtn+motorc+sire+eng,57.843
177,704,708,rtn+eng+sire,61.03
178,708,712,rtn+eng+sire,58.547
179,712,716,rtn+sire+troll+eng,59.933
180,716,720,rtn+eng+sire,60.086
181,720,724,rtn+sire+eng,60.038
182,724,728,rtn+eng+sire,61.076
183,728,732,rtn+eng+sire,59.13
184,732,736,rtn+sire+eng,59.387
185,736,740,rtn+troll+eng+peop,57.677
186,740,744,rtn+troll+peop+eng,55.799
187,744,748,rtn+eng+troll+peop,55.1
188,748,752,rtn+peop+eng+troll,56.062
189,752,756,rtn+troll+eng,55.882
190,756,760,rtn+peop+eng,54.106
191,760,764,rtn+dog+peop+eng,52.982
192,764,768,rtn+brak+eng,51.942
193,768,772,rtn+peop+eng,51.479
194,772,776,rtn+cdoor+eng+peop,51.116
195,776,780,rtn+peop+eng,50.467
196,780,784,eng+rtn+peop,50.587
197,784,788,eng+rtn+impls,51.036
198,788,792,eng+rtn+cdoor+impls,49.871
199,792,796,eng+rtn,50.338
200,796,800,eng+rtn+motorc,49.944
201,800,804,eng+rtn+motorc,49.184
202,804,808,eng+rtn+motorc,50.023
203,808,812,eng+rtn+motorc,53.097
204,812,816,eng+rtn+brak,55.398
205,816,820,eng+rtn+brak,50.219
206,820,824,eng+rtn+peop+troll,50.253
207,824,828,eng+rtn+brak,48.826
208,828,832,eng+rtn+peop,50.025
209,832,836,eng+rtn+brak+peop,50.035
210,836,840,eng+rtn+peop,49.725
211,840,844,eng+rtn+brak+peop,51.179
212,844,848,eng+rtn,50.15
213,848,852,eng+rtn+motorc,51.081
214,852,856,eng+rtn+motorc,51.582
215,856,860,eng+rtn+motorc,52.686
216,860,864,eng+rtn+motorc,52.662
217,864,868,eng+rtn+motorc+peop+horn,53.353
218,868,872,eng+rtn,51.916
219,872,876,eng+rtn+wind+motorc,51.279
220,876,880,eng+rtn+motorc+wind+troll,51.26
221,880,884,eng+rtn+wind+brak+motorc,51.893
222,884,888,eng+rtn+wind+motorc,52.321
223,888,892,eng+rtn+motorc,52.638
224,892,896,eng+rtn+peop,52.58
225,896,900,eng+rtn+peop+brak,51.415
226,900,904,eng+rtn+peop+motorc,51.369
227,904,908,eng+rtn+motorc+troll,50.105
228,908,912,eng+rtn,51.923
229,912,916,rtn+eng,50.625
230,916,920,eng+rtn,51.115
231,920,924,eng+rtn,51.468
232,924,928,eng+rtn,50.017
233,928,932,eng+rtn,51.318
234,932,936,eng+rtn+impls,53.421
235,936,940,eng+rtn+troll+peop,50.997
236,940,944,eng+rtn+peop,51.105
237,944,948,eng+rtn,50.844
238,948,952,eng+rtn,50.113
239,952,956,eng+rtn,51.686
240,956,960,eng+rtn+motorc,52.969
241,960,964,eng+rtn+motorc+peop,53.96
242,964,968,eng+rtn+brak,55.255
243,968,972,eng+rtn+brak+peop,56.424
244,972,976,eng+rtn+brak,55.889
245,976,980,eng+rtn+brak+peop,56.016
246,980,984,eng+rtn+peop,58.978
247,984,988,eng+rtn,57.409
248,988,992,eng+rtn+peop+motorc,57.811
249,992,996,eng+rtn+motorc,57.556
250,996,1000,eng+rtn+brak+motorc,59.687
251,1000,1004,eng+rtn+brak+motorc,58.044
252,1004,1008,eng+rtn+brak+motorc+peop,56.326
253,1008,1012,eng+rtn+peop+motorc,56.791
254,1012,1016,eng+rtn+cdoor+brak,55.244
255,1016,1020,eng+rtn+peop,55.531
256,1020,1024,eng+rtn+peop+brak,56.427
257,1024,1028,eng+rtn+peop+troll,55.223
258,1028,1032,eng+rtn+peop,55.254
259,1032,1036,eng+rtn+peop,54.885
260,1036,1040,eng+rtn+peop+brak,54.873
261,1040,1044,eng+rtn+motorc+peop,54.403
262,1044,1048,eng+rtn+motorc,53.727
263,1048,1052,eng+rtn+motorc,52.179
264,1052,1056,eng+rtn+motorc,53.167
265,1056,1060,eng+rtn+brak,53.848
266,1060,1064,eng+rtn+brak+hdoor,55.96
267,1064,1068,eng+rtn+hdoor,52.797
268,1068,1072,eng+rtn+troll+peop,51.883
269,1072,1076,eng+rtn+peop,52.383
270,1076,1080,eng+rtn+hdoor,51.725
271,1080,1084,eng+rtn+brak,51.745
272,1084,1088,eng+rtn+brak+peop,50.278
273,1088,1092,eng+rtn+peop+motorc,50.062
274,1092,1096,eng+rtn+motorc+peop,50.083
275,1096,1100,eng+rtn+peop,49.392
276,1100,1104,eng+rtn,51.792
277,1104,1108,eng+rtn+motorc,50.003
278,1108,1112,eng+rtn+brak,49.902
279,1112,1116,eng+rtn+peop,50.035
280,1116,1120,eng+rtn+peop+brak,50.398
281,1120,1124,eng+rtn+peop+impls,49.232
282,1124,1128,cmplx,49.449
283,1128,1132,cmplx,49.63
284,1132,1136,cmplx,50.775
285,1136,1140,cmplx,48.422
286,1140,1144,eng+rtn+cdoor,49.536
287,1144,1148,eng+rtn,48.19
288,1148,1152,eng+rtn,51.533
289,1152,1156,eng+rtn+cdoor,49.657
290,1156,1160,eng+rtn+motorc+cdoor,53.393
291,1160,1164,eng+rtn+peop,49.685
292,1164,1168,eng+rtn+brak+peop,49.3
293,1168,1172,eng+rtn+cdoor+peop,50.462
294,1172,1176,eng+rtn,48.988
295,1176,1180,cmplx,48.006
296,1180,1184,eng+rtn+motorc+brak,47.599
297,1184,1188,eng+rtn,53.484
298,1188,1192,eng+rtn+motorc,50.423
299,1192,1196,eng+rtn+motorc+peop,50.884
300,1196,1200,eng+rtn,48.413
301,1204,1208,eng+rtn+impls,50.802
302,1208,1212,eng+rtn,51.631
303,1212,1216,eng+rtn+bird+cdoor,49.67
304,1216,1220,eng+rtn+bird,49.342
305,1220,1224,eng+rtn+bird+impls+peop,48.935
306,1224,1228,eng+rtn+bird+hdoor+peop,57.298
307,1228,1232,eng+rtn+bird+peop,55.97
308,1232,1236,eng+rtn+bird,53.547
309,1236,1240,eng+rtn+impls+bird+peop+motorc,52.471
310,1240,1244,eng+rtn+motorc+bird,51.53
311,1244,1248,eng+rtn+motorc,51.209
312,1248,1252,eng+rtn+bird,52.115
313,1252,1256,eng+rtn+motorc+peop+bird,51.128
314,1256,1260,eng+rtn+dog,52.563
315,1260,1264,eng+rtn+peop+motorc,51.221
316,1264,1268,eng+rtn+motorc+bird,50.801
317,1268,1272,eng+rtn+sire+peop,52.468
318,1272,1276,eng+rtn+peop+sire,54.928
319,1276,1280,eng+rtn+peop,53.304
320,1280,1284,eng+rtn+motorc+peop,53.977
321,1284,1288,eng+rtn+bird+motorc+peop,52.391
322,1288,1292,eng+rtn+bird+motorc+peop,51.983
323,1292,1296,eng+rtn+brak+motorc,58.146
324,1296,1300,eng+rtn+brak+peop,54.272
325,1300,1304,eng+rtn+troll+peop+bird,53.029
326,1304,1308,eng+rtn+troll+bird+peop,53.852
327,1308,1312,eng+rtn+troll+bird+impls,53.944
328,1312,1316,eng+rtn+impls+troll+bird+brak,55.357
329,1316,1320,eng+rtn+bird+motorc,56.145
330,1320,1324,eng+rtn+brak+motorc+bird,56.632
331,1324,1328,eng+rtn+cdoor+brak+bird,56.743
332,1328,1332,eng+rtn+brak+bird+peop,55.9
333,1332,1336,eng+rtn+bird,57.9
334,1336,1340,eng+rtn+bird+motorc,58.465
335,1340,1344,eng+rtn+motorc+bird,55.829
336,1344,1348,eng+rtn+dog+bird+brak,55.959
337,1348,1352,eng+rtn+peop+troll,56.062
338,1352,1356,eng+rtn+troll+peop,55.298
339,1356,1360,eng+rtn+bird+peop,55.605
340,1360,1364,eng+rtn+peop+bird,56.568
341,1364,1368,eng+rtn+bell+troll+bird+peop,56.249
342,1368,1372,eng+rtn+bell+bird+cdoor+dog+peop,55.842
343,1372,1376,eng+rtn+dog+bell+peop+bird,56.554
344,1376,1380,eng+rtn+bell+bird,56.548
345,1380,1384,eng+rtn+bell+peop,55.466
346,1384,1388,eng+rtn+motorc+peop+bell,55.132
347,1388,1392,eng+rtn+motorc,56.465
348,1392,1396,eng+rtn+bird,57.049
349,1396,1400,eng+rtn+bird+peop,56.478
350,1400,1404,eng+rtn+peop+troll,55.192
351,1404,1408,eng+rtn+peop,53.469
352,1408,1412,eng+rtn+peop+bird,52.831
353,1412,1416,eng+rtn+bird+motorc,52.329
354,1416,1420,eng+rtn+motorc+bird+peop,52.688
355,1420,1424,eng+rtn+bird+peop,51.989
356,1424,1428,eng+rtn+brak+bird,50.727
357,1428,1432,eng+rtn+bird,51.888
358,1432,1436,eng+rtn+motorc+horn,56.856
359,1436,1440,eng+rtn+motorc,51.139
360,1440,1444,eng+rtn+motorc,49.748
361,1444,1448,eng+rtn+brak,48.861
362,1448,1452,eng+rtn+peop,50.062
363,1452,1456,eng+rtn+brak+peop+troll,49.579
364,1456,1460,eng+rtn+troll+peop+brak,50.446
365,1460,1464,eng+rtn+troll+brak+peop,50.034
366,1464,1468,eng+rtn+troll+peop+brak,49.834
367,1468,1472,eng+rtn+peop,52
368,1472,1476,eng+rtn+bird+peop,50.529
369,1476,1480,eng+rtn+bird,49.209
370,1480,1484,eng+rtn+motorc,48.373
371,1484,1488,eng+rtn+bird+peop+brak,49.697
372,1488,1492,eng+rtn+peop+brak,46.024
373,1492,1496,eng+rtn+brak+peop+bird,47.689
374,1496,1500,eng+rtn+bird+peop+brak,46.778
375,1500,1504,eng+rtn+peop+brak,47.959
376,1504,1508,eng+rtn+glass+peop,54.092
377,1508,1512,eng+rtn+peop+glass+brak,50.275
378,1512,1516,eng+rtn+brak+peop,46.145
379,1516,1520,eng+rtn+peop+bird,44.879
380,1520,1524,eng+rtn,46.063
381,1524,1528,eng+rtn+impls,45.047
382,1528,1532,eng+rtn,47.357
383,1532,1536,eng+rtn+wind+motorc,45.62
384,1536,1540,eng+rtn+wind+brak,46.329
385,1540,1544,eng+rtn+wind,45.496
386,1544,1548,eng+rtn,45.665
387,1548,1552,eng+rtn+motorc+horn,44.813
388,1552,1556,eng+rtn+motorc,45.453
389,1556,1560,eng+rtn+peop,45.789
390,1560,1564,eng+rtn+brak+troll,44.619
391,1564,1568,eng+rtn+peop+troll,45.416
392,1568,1572,eng+rtn+troll+peop,45.53
393,1572,1576,eng+rtn+troll+peop+motorc,46.469
394,1576,1580,eng+rtn+troll,45.666
395,1580,1584,eng+rtn+brak+peop,46.599
396,1584,1588,eng+rtn+brak+impls+peop,47.07
397,1588,1592,eng+rtn+peop,47.471
398,1592,1596,eng+rtn+impls+peop,46.979
399,1596,1600,cmplx,47.632
400,1600,1604,eng+rtn+peop,45.976
401,1604,1608,eng+rtn,46.007
402,1608,1612,eng+rtn+hdoor,45.883
403,1612,1616,eng+rtn+brak,45.847
404,1616,1620,eng+rtn,45.9
405,1620,1624,eng+rtn+motorc,48.748
406,1624,1628,eng+rtn+motorc,54.024
407,1628,1632,eng+rtn+motorc+wind,56.761
408,1632,1636,eng+rtn+wind+peop,55.468
409,1636,1640,eng+rtn+wind+peop,56.856
410,1640,1644,eng+rtn+brak+impls+dog,57.446
411,1644,1648,eng+rtn+brak,60.351
412,1648,1652,eng+rtn,58.974
413,1652,1656,eng+rtn+brak+motorc,58.752
414,1656,1660,eng+rtn+motorc+glass,58.899
415,1660,1664,eng+rtn+peop+brak,59.068
416,1664,1668,eng+rtn+cdoor,59.074
417,1668,1672,eng+rtn+bird+peop,58.654
418,1672,1676,eng+rtn+bird+peop,59.095
419,1676,1680,eng+rtn+peop+bird,57.899
420,1680,1684,eng+rtn+bird,57.366
421,1684,1688,eng+rtn+bird,57.876
422,1688,1692,eng+rtn+bird+motorc,57.746
423,1692,1696,eng+rtn+motorc+bird,58.8
424,1696,1700,eng+rtn+bird+dog+peop,56.53
425,1700,1704,eng+rtn+bird+peop+wind,55.67
426,1704,1708,eng+rtn+brak+bird+wind+peop,55.665
427,1708,1712,eng+rtn+peop+motorc+wind,54.361
428,1712,1716,eng+rtn+peop+motorc,54.5
429,1716,1720,eng+rtn+bird+motorc+peop,54.135
430,1720,1724,eng+rtn+motorc,52.956
431,1724,1728,eng+rtn+motorc,53.742
432,1728,1732,eng+rtn+bird+motorc,54.149
433,1732,1736,eng+rtn+motorc+bird,52.757
434,1736,1740,eng+rtn+bird+motorc,54.557
435,1740,1744,eng+rtn+bird+motorc,55.383
436,1744,1748,eng+rtn+bird+peop,54.041
437,1748,1752,eng+rtn+bird+peop+brak+hdoor,54.425
438,1752,1756,eng+rtn+peop+bird,54.38
439,1756,1760,eng+rtn+bird+glass+peop,54.036
440,1760,1764,eng+rtn+bird,52.816
441,1764,1768,eng+rtn+bird+cdoor,52.943
442,1768,1772,eng+rtn+cdoor+bird,53.533
443,1772,1776,eng+rtn+bird,52.775
444,1776,1780,eng+rtn+bird,51.867
445,1780,1784,eng+rtn+bird,52.796
446,1784,1788,eng+rtn+bird,53.34
447,1788,1792,eng+rtn+bird,53.835
448,1792,1796,eng+rtn+bird+peop+brak+impls,54.748
449,1796,1800,eng+rtn+bird+peop,53.841
450,1800,1804,eng+rtn+bird,53.127
451,1804,1808,eng+rtn,54.076
452,1808,1812,eng+rtn,53.706
453,1812,1816,eng+rtn+bird+brak,55.317
454,1816,1820,eng+rtn+motorc+bird,55.347
455,1820,1824,eng+rtn+bird+motorc,55.293
456,1824,1828,eng+rtn+motorc+bird,54.425
457,1828,1832,eng+rtn+motorc+bird,54.12
458,1832,1836,eng+rtn+bird,53.799
459,1836,1840,eng+rtn+bird+brak,52.925
460,1840,1844,cmplx,53.55
461,1844,1848,cmplx,55.325
462,1848,1852,cmplx,55.701
463,1852,1856,cmplx,56.135
464,1856,1860,cmplx,57.834
465,1860,1864,eng+rtn+peop,57.263
466,1864,1868,eng+rtn+bird,58.923
467,1868,1872,eng+rtn+bird,55.788
468,1872,1876,eng+rtn+bird+motorc,55.529
469,1876,1880,eng+rtn+motorc+peop+bird,55.818
470,1880,1884,eng+rtn+bird+peop+brak,55.375
471,1884,1888,eng+rtn+peop+hdoor+bird,56.247
472,1888,1892,eng+rtn+bird+peop,55.925
473,1892,1896,eng+rtn+brak+bird+peop,55.919
474,1896,1900,eng+rtn+bird+brak+peop,57.193
475,1900,1904,eng+rtn+peop+impls+bird,55.466
476,1904,1908,eng+rtn+cdoor+peop,55.863
477,1908,1912,eng+rtn+bird+brak+peop,56.785
478,1912,1916,eng+rtn+motorc+peop+bird,56.979
479,1916,1920,eng+rtn+motorc,57.032
480,1920,1924,eng+rtn+bike+peop,56.925
481,1924,1928,eng+rtn+peop,57.171
482,1928,1932,eng+rtn+brak,57.661
483,1932,1936,eng+rtn+brak+bird,57.638
484,1936,1940,eng+rtn+brak,56.624
485,1940,1944,eng+rtn+motorc+peop,57.271
486,1944,1948,eng+rtn+peop+glass+motorc,57.152
487,1948,1952,eng+rtn+brak+cdoor,56.809
488,1952,1956,eng+rtn+bird+motorc+impls,56.967
489,1956,1960,eng+rtn+motorc+bird,56.056
490,1960,1964,eng+rtn+motorc,57.184
491,1964,1968,eng+rtn+troll,55.502
492,1968,1972,eng+rtn+troll+motorc,56.016
493,1972,1976,eng+rtn+motorc+cdoor,56.376
494,1976,1980,eng+rtn+brak+peop+motorc,55.885
495,1980,1984,eng+rtn+motorc+peop,55.925
496,1984,1988,eng+rtn+impls+peop+bird,56.17
497,1988,1992,cmplx,55.242
498,1992,1996,eng+rtn+motorc+troll,56.119
499,1996,2000,eng+rtn+motorc+bird,56.556
500,2000,2004,eng+rtn+bird+motorc,56.482
501,2004,2008,eng+rtn+bird+motorc,55.533
502,2008,2012,eng+rtn+motorc,56.203
503,2012,2016,eng+rtn+motorc+bird+brak,58.184
504,2016,2020,eng+rtn+brak+bird,61.294
505,2020,2024,eng+rtn,62.118
506,2024,2028,eng+rtn+bird+peop,62.539
507,2028,2032,eng+rtn+bird+brak+horn,61.949
508,2032,2036,eng+rtn+bird,63.728
509,2036,2040,eng+rtn+bird+impls,64.048
510,2040,2044,eng+rtn+bird+motorc,67.325
511,2044,2048,eng+rtn+bird,69.284
512,2048,2052,eng+rtn+bird+peop,67.119
513,2052,2056,eng+rtn+bird+peop+motorc,68.362
514,2056,2060,eng+rtn+motorc+bird+peop,69.698
515,2060,2064,eng+rtn+cdoor+motorc+bird,66.911
516,2064,2068,eng+rtn+bird+hdoor+cdoor,66.096
517,2068,2072,eng+rtn+hdoor+bird,63.738
518,2072,2076,eng+rtn+hdoor+bird+peop+cdoor+horn,61.416
519,2076,2080,eng+rtn+bird+brak,59.692
520,2080,2084,eng+rtn+bird+cdoor+motorc,60.834
521,2084,2088,eng+rtn+bird+motorc,60.051
522,2088,2092,eng+rtn+bird,57.548
523,2092,2096,eng+rtn+bird,57.779
524,2096,2100,eng+rtn+bird,59.693
525,2100,2104,eng+rtn+bird+dog+peop,58.572
526,2104,2108,eng+rtn+bird+motorc+peop,57.717
527,2108,2112,eng+rtn+motorc+peop,57.237
528,2112,2116,eng+rtn+peop+troll,58.397
529,2116,2120,eng+rtn+bird,57.953
530,2120,2124,eng+rtn+peop+bird,55.085
531,2124,2128,eng+rtn+bird+peop,56.438
532,2128,2132,eng+rtn+bird+cdoor,60.504
533,2132,2136,eng+rtn+peop,61.114
534,2136,2140,eng+rtn,58.552
535,2140,2144,eng+rtn+bird+cdoor,55.282
536,2144,2148,eng+rtn+bird,57.474
537,2148,2152,eng+rtn+bird,56.822
538,2152,2156,eng+rtn+bird,58.679
539,2156,2160,eng+rtn+bird,56.087
540,2160,2164,eng+rtn+bird,56.019
541,2164,2168,eng+rtn+bird,54.756
542,2168,2172,eng+rtn+bird+brak+impls,54.992
543,2172,2176,eng+rtn+brak+bird+peop+impls,54.746
544,2176,2180,eng+rtn+bird+peop+hdoor,54.049
545,2180,2184,eng+rtn+bird+motorc+peop,54.068
546,2184,2188,eng+rtn+impls+bird,53.215
547,2188,2192,eng+rtn+bird+peop,54.334
548,2192,2196,eng+rtn+bird+peop,54.051
549,2196,2200,eng+rtn+bird+peop,53.459
550,2200,2204,eng+rtn+motorc,53.072
551,2204,2208,eng+rtn+motorc+peop,53.602
552,2208,2212,eng+rtn+peop+motorc,54.473
553,2212,2216,eng+rtn+motorc,57.318
554,2216,2220,eng+rtn+motorc+peop,56.455
555,2220,2224,eng+rtn+motorc,56.023
556,2224,2228,eng+rtn+bird+peop,52.451
557,2228,2232,cmplx,53.474
558,2232,2236,cmplx,51.883
559,2236,2240,eng+rtn+bird+peop+hdoor,51.258
560,2240,2244,cmplx,51.741
561,2244,2248,eng+rtn+bird,51.389
562,2248,2252,eng+rtn+bird+motorc,50.54
563,2252,2256,eng+rtn+motorc+brak+bird,50.372
564,2256,2260,eng+rtn+brak,50.789
565,2260,2264,eng+rtn+troll+bird,48.946
566,2264,2268,eng+rtn+peop+troll,53.609
567,2268,2272,eng+rtn+brak+troll+impls+peop,53.573
568,2272,2276,eng+rtn+troll+bell+bird+peop+brak,50.817
569,2276,2280,eng+rtn+troll+bird,49.801
570,2280,2284,eng+rtn+bird,48.822
571,2284,2288,eng+rtn+bird,46.425
572,2288,2292,eng+rtn+bird,47.36
573,2292,2296,eng+rtn+bird+motorc,48.749
574,2296,2300,eng+rtn+bird+motorc,47.729
575,2300,2304,eng+rtn+impls+motorc+bird,47.986
576,2304,2308,eng+rtn+bird+motorc,47.886
577,2308,2312,eng+rtn+motorc+bird,48.236
578,2312,2316,eng+rtn+bird+horn,48.073
579,2316,2320,eng+rtn+bird+peop,48.27
580,2320,2324,eng+rtn+bird+brak,48.27
581,2324,2328,eng+rtn+peop+bird,47.161
582,2328,2332,eng+rtn+peop+bird,48.337
583,2332,2336,eng+rtn+bird+peop,49.349
584,2336,2340,eng+rtn+bird+peop,51.698
585,2340,2344,eng+rtn+motorc+bird,49.532
586,2344,2348,eng+rtn+motorc,49.547
587,2348,2352,eng+rtn+motorc,48.278
588,2352,2356,eng+rtn+motorc+brak,48.629
589,2356,2360,eng+rtn+motorc,48.597
590,2360,2364,eng+rtn+bird+motorc,48.931
591,2364,2368,eng+rtn+bird,49.847
592,2368,2372,eng+rtn+brak+bird+peop,49.805
593,2372,2376,eng+rtn+bird+peop,48.135
594,2376,2380,eng+rtn+bird+peop+impls,48.897
595,2380,2384,eng+rtn+bird+troll,48.921
596,2384,2388,eng+rtn+troll+peop+bird,48.252
597,2388,2392,eng+rtn+bird+troll+peop+brak,47.866
598,2392,2396,eng+rtn+troll+brak+motorc,48.012
599,2396,2400,eng+rtn+motorc,49.217
600,2400,2404,eng+rtn+hdoor+brak,50.445
601,2404,2408,eng+rtn+impls,49.298
602,2408,2412,eng+rtn+brak+bird,49.63
603,2412,2416,eng+rtn+bird+impls,49.616
604,2416,2420,eng+rtn+bird,51.032
605,2420,2424,eng+rtn+peop+bird,50.986
606,2424,2428,eng+rtn+peop+bird,51.98
607,2428,2432,eng+rtn+bird+peop,53.432
608,2432,2436,eng+rtn,54.322
609,2436,2440,eng+rtn+bird,54.798
610,2440,2444,eng+rtn+bird+glass,56.573
611,2444,2448,eng+rtn+bird,59.531
612,2448,2452,eng+rtn+bird+brak,60.219
613,2452,2456,eng+rtn+brak,58.905
614,2456,2460,eng+rtn,57.784
615,2460,2464,eng+rtn+brak+bird+sire,57.274
616,2464,2468,eng+rtn+sire+bird+motorc,57.448
617,2468,2472,eng+rtn+motorc+sire+brak+bird,55.645
618,2472,2476,eng+rtn+brak+sire+cdoor,54.655
619,2476,2480,eng+rtn+sire+brak,53.755
620,2480,2484,eng+rtn+sire+motorc,54.239
621,2484,2488,eng+rtn+sire+brak+cdoor,53.894
622,2488,2492,eng+rtn+sire+bird+cdoor,54.168
623,2492,2496,eng+rtn+sire+cdoor,54.954
624,2496,2500,eng+rtn+cdoor+sire,54.242
625,2500,2504,eng+rtn+bird+sire,54.839
626,2504,2508,eng+rtn+horn+bird,55.122
627,2508,2512,eng+rtn+bird+motorc+cdoor,53.897
628,2512,2516,eng+rtn+brak+impls,54.075
629,2516,2520,eng+rtn+bird+impls,54.672
630,2520,2524,eng+rtn+troll+impls,54.293
631,2524,2528,eng+rtn+troll+cdoor,54.671
632,2528,2532,eng+rtn+troll,54.913
633,2532,2536,eng+rtn+peop+motorc,55.454
634,2536,2540,eng+rtn+motorc,55.245
635,2540,2544,eng+rtn,56.097
636,2544,2548,eng+rtn+bird,56.277
637,2548,2552,eng+rtn+brak+peop,56.641
638,2552,2556,eng+rtn+bird+peop,56.904
639,2556,2560,eng+rtn+peop,55.891
640,2560,2564,eng+rtn+peop+glass+bird,53.984
641,2564,2568,eng+rtn+bird+sire+peop,54.067
642,2568,2572,eng+rtn+peop+sire,53.553
643,2572,2576,eng+rtn+sire+peop,53.383
644,2576,2580,eng+rtn+sire+peop,53.131
645,2580,2584,eng+rtn+sire+motorc,54.829
646,2584,2588,eng+rtn+sire+bird,54.116
647,2588,2592,eng+rtn+motorc+sire,53.079
648,2592,2596,eng+rtn+motorc+bird,54.072
649,2596,2600,eng+rtn+bird,54.845
650,2600,2604,eng+rtn+bird,51.937
651,2604,2608,eng+rtn+bird+brak,52.309
652,2608,2612,eng+rtn+bird+sire+impls,52.369
653,2612,2616,eng+rtn+bird+sire,52.067
654,2616,2620,eng+rtn+sire,52.927
655,2620,2624,eng+rtn+bird+brak,51.025
656,2624,2628,eng+rtn+motorc+bird,49.26
657,2628,2632,eng+rtn+motorc+impls,49.559
658,2632,2636,eng+rtn+brak+bird,49.665
659,2636,2640,eng+rtn+peop+impls+bird,49.064
660,2640,2644,eng+rtn+bird+peop+troll,49.841
661,2644,2648,eng+rtn+troll+bird+motorc,49.064
662,2648,2652,eng+rtn+troll+bird,49.111
663,2652,2656,eng+rtn+bird+motorc,48.756
664,2656,2660,eng+rtn+motorc+bird,49.393
665,2660,2664,eng+rtn+bird,48.485
666,2664,2668,eng+rtn+brak+bird,48.531
667,2668,2672,eng+rtn+brak+bird,48.612
668,2672,2676,eng+rtn+bird+peop,48.979
669,2676,2680,eng+rtn+bird+motorc+impls,48.393
670,2680,2684,eng+rtn+bird+cdoor,48.535
671,2684,2688,eng+rtn+motorc+bird,48.163
672,2688,2692,eng+rtn+cdoor+bird,48.927
673,2692,2696,eng+rtn+bird,48.939
674,2696,2700,eng+rtn+bird,49.789
675,2700,2704,eng+rtn+bird,48.696
676,2704,2708,eng+rtn+bird+musi,48.328
677,2708,2712,eng+rtn+peop,50.518
678,2712,2716,eng+rtn+brak+peop+bird,50.41
679,2716,2720,cmplx,50.237
680,2720,2724,eng+rtn+peop+hdoor,50.339
681,2724,2728,eng+rtn+hdoor+motorc,51.081
682,2728,2732,eng+rtn+motorc,51.706
683,2732,2736,eng+rtn+hdoor+peop+motorc,51.702
684,2736,2740,eng+rtn+bird+peop+motorc,53.445
685,2740,2744,eng+rtn+cdoor+peop+bird,52.606
686,2744,2748,eng+rtn+bird+peop,53.684
687,2748,2752,eng+rtn+peop+bird,53.41
688,2752,2756,eng+rtn+peop+bird,54.612
689,2756,2760,eng+rtn+bird,53.444
690,2760,2764,eng+rtn+bird,51.071
691,2764,2768,eng+rtn+bird+impls+peop,50.214
692,2768,2772,eng+rtn+motorc+bird,49.292
693,2772,2776,eng+rtn+bird,48.814
694,2776,2780,eng+rtn+impls+motorc+peop+bird,48.691
695,2780,2784,eng+rtn+motorc+cdoor+bird,50.31
696,2784,2788,eng+rtn+motorc+bird,54.627
697,2788,2792,eng+rtn+bird+motorc+peop,57.5
698,2792,2796,eng+rtn,59.349
699,2796,2800,eng+rtn+motorc,59.645
700,2800,2804,eng+rtn,60.904
701,2804,2808,eng+rtn,59.907
702,2808,2812,eng+rtn+brak,58.266
703,2812,2816,eng+rtn+peop,58.655
704,2816,2820,eng+rtn+peop+bike,57.766
705,2820,2824,eng+rtn+bike+impls+peop,56.729
706,2824,2828,eng+rtn,54.759
707,2828,2832,eng+rtn+brak,54.246
708,2832,2836,eng+rtn+brak,53.715
709,2836,2840,eng+rtn+brak,55.182
710,2840,2844,eng+rtn+brak+peop,55.414
711,2844,2848,eng+rtn+brak+peop,53.255
712,2848,2852,eng+rtn+impls,53.429
713,2852,2856,eng+rtn+brak+peop,52.832
714,2856,2860,eng+rtn,52.081
715,2860,2864,eng+rtn+brak,52.152
716,2864,2868,eng+rtn,52.101
717,2868,2872,eng+rtn+brak,52.334
718,2872,2876,eng+rtn+motorc,50.479
719,2876,2880,eng+rtn+motorc,51.294
720,2880,2884,eng+rtn+motorc,52.193
721,2884,2888,eng+rtn+brak+motorc,51.946
722,2888,2892,eng+rtn,52.629
723,2892,2896,eng+rtn,52.723
724,2896,2900,eng+rtn+cdoor,51.825
725,2900,2904,eng+rtn,51.362
726,2904,2908,cmplx,50.856
727,2908,2912,cmplx,50.521
728,2912,2916,eng+rtn+peop+impls,50.602
729,2916,2920,eng+rtn+peop+brak,50.954
730,2920,2924,eng+rtn,49.984
731,2924,2928,eng+rtn+impls,51.968
732,2928,2932,eng+rtn+motorc,50.544
733,2932,2936,eng+rtn+brak+motorc,54.769
734,2936,2940,eng+rtn+brak,49.498
735,2940,2944,eng+rtn+brak+motorc,49.696
736,2944,2948,eng+rtn+cdoor+brak,50.201
737,2948,2952,eng+rtn+brak+cdoor+bird,50.324
738,2952,2956,eng+rtn+bird+cdoor,50.854
739,2956,2960,eng+rtn+bird,50.823
740,2960,2964,eng+rtn+peop+brak+cdoor,50.314
741,2964,2968,eng+rtn+bird+motorc,50.074
742,2968,2972,eng+rtn+motorc,51.297
743,2972,2976,eng+rtn+motorc+bird,50.638
744,2976,2980,eng+rtn,50.028
745,2980,2984,eng+rtn,48.984
746,2984,2988,eng+rtn+brak,47.923
747,2988,2992,eng+rtn+bird+peop,48.058
748,2992,2996,eng+rtn+peop,49.056
749,2996,3000,eng+rtn+peop,50.178
750,3000,3004,eng+rtn+peop+cdoor+brak+bird,48.223
751,3004,3008,eng+rtn+bird,49.399
752,3008,3012,cmplx,51.831
753,3012,3016,cmplx,52.387
754,3016,3020,eng+rtn+motorc+bird,53.31
755,3020,3024,eng+rtn+bird,52.027
756,3024,3028,eng+rtn+troll+bird,50.159
757,3028,3032,eng+rtn+brak+troll,46.58
758,3032,3036,eng+rtn+brak+troll+cdoor,45.775
759,3036,3040,cmplx,43.895
760,3040,3044,cmplx,43.79
761,3044,3048,eng+rtn+bird+impls,43.338
762,3048,3052,eng+rtn+peop+impls+bird,42.838
763,3052,3056,eng+rtn+brak+cdoor+peop+bird,43.497
764,3056,3060,eng+rtn+troll+peop+bird,41.848
765,3060,3064,eng+rtn+motorc+peop+bird,42.085
766,3064,3068,eng+rtn+bird+motorc+peop,42.799
767,3068,3072,eng+rtn+bird+peop+motorc,41.268
768,3072,3076,eng+rtn+bird,41.018
769,3076,3080,eng+rtn+motorc,41.41
770,3080,3084,eng+rtn+bird+troll+peop,41.779
771,3084,3088,eng+rtn+troll,41.218
772,3088,3092,eng+rtn+troll+bird+brak+peop,40.434
773,3092,3096,eng+rtn+peop,41.575
774,3096,3100,eng+rtn+bird+peop,42.526
775,3100,3104,eng+rtn+bird+peop,41.449
776,3104,3108,eng+rtn+peop+bird,41.254
777,3108,3112,rtn+motorc+peop,41.262
778,3112,3116,rtn+motorc+bird,41.495
779,3116,3120,rtn+bird,39.909
780,3120,3124,rtn+bird+impls,39.45
781,3124,3128,cmplx,39.889
782,3128,3132,cmplx,45.448
783,3132,3136,rtn+bird+peop,41.24
784,3136,3140,rtn+bird+peop,40.505
785,3140,3144,rtn+peop+impls+bird,40.751
786,3144,3148,rtn+bird+peop,42.114
787,3148,3152,rtn+horn+bird,41.819
788,3152,3156,rtn+brak+bird,40.148
789,3156,3160,rtn+peop,41.612
790,3160,3164,rtn+motorc,41.165
791,3164,3168,rtn+motorc,41.738
792,3168,3172,rtn+motorc,41.887
793,3172,3176,rtn+bell+impls+brak,41.915
794,3176,3180,rtn+bell+peop,41.197
795,3180,3184,rtn+bird+brak+peop,41.928
796,3184,3188,rtn+peop+bird,43.248
797,3188,3192,rtn+impls,44.336
798,3192,3196,rtn+bird+motorc+brak,44.992
799,3196,3200,rtn+motorc+bird,46.053
800,3200,3204,rtn+bird+brak,44.837
801,3204,3208,rtn+bird+motorc,45.565
802,3208,3212,rtn+motorc,46.034
803,3212,3216,rtn+motorc+bird,47.518
804,3216,3220,rtn+bird+horn+peop,46.647
805,3220,3224,rtn+bird+peop,46.171
806,3224,3228,rtn+bird+peop,47.373
807,3228,3232,rtn+bird,48.491
808,3232,3236,rtn,48.834
809,3236,3240,rtn+bird,48.666
810,3240,3244,rtn+bird,49.797
811,3244,3248,rtn+bird+peop+brak,50.104
812,3248,3252,rtn+peop+bird,50.82
813,3252,3256,rtn+impls+glass+bird+peop,51.065
814,3256,3260,rtn+motorc,50.733
815,3260,3264,rtn+motorc+peop+troll,51.571
816,3264,3268,rtn+troll+bird,50.482
817,3268,3272,rtn+troll+brak,49.586
818,3272,3276,rtn+troll,49.42
819,3276,3280,rtn+bird,49.934
820,3280,3284,rtn+bird+troll,49.851
821,3284,3288,rtn+troll+bird,49.413
822,3288,3292,rtn+bird+troll,50.148
823,3292,3296,rtn+troll+bird,51.74
824,3296,3300,rtn+troll,51.458
825,3300,3304,rtn+troll+peop+motorc,48.906
826,3304,3308,rtn+motorc+troll,49.29
827,3308,3312,rtn+motorc+peop,51.93
828,3312,3316,rtn+troll+motorc,50.277
829,3316,3320,rtn+troll+peop,51.716
830,3320,3324,rtn+troll+cdoor+peop,49.891
831,3324,3328,rtn+troll,49.766
832,3328,3332,rtn+bird+impls,50.009
833,3332,3336,rtn+bird+peop,51.306
834,3336,3340,rtn+peop+bird+impls,51.023
835,3340,3344,rtn+bird+brak+peop,52.218
836,3344,3348,rtn+motorc+peop,53.169
837,3348,3352,rtn+peop+bird+brak,54.052
838,3352,3356,rtn+motorc+bird,54.78
839,3356,3360,rtn+bird,56.825
840,3360,3364,rtn+motorc,58.165
841,3364,3368,rtn+brak,57.788
842,3368,3372,rtn+horn+bird,57.049
843,3372,3376,rtn+bird+brak,56.936
844,3376,3380,rtn+brak,57.683
845,3380,3384,rtn+impls+bird,57.033
846,3384,3388,rtn+bird,54.706
847,3388,3392,rtn+hdoor+bird,54.492
848,3392,3396,rtn+dog+bird,53.938
849,3396,3400,rtn+dog+motorc+bird,53.42
850,3400,3404,rtn+bird,53.45
851,3404,3408,rtn+bird+brak+dog,53.687
852,3408,3412,rtn+bird,52.554
853,3412,3416,rtn+brak+bird+motorc,50.414
854,3416,3420,rtn+motorc+bird,50.72
855,3420,3424,rtn+bird+troll,50.546
856,3424,3428,rtn+troll,49.078
857,3428,3432,rtn+brak,49.739
858,3432,3436,rtn+bird,51.592
859,3436,3440,rtn+bird+brak,51.989
860,3440,3444,rtn+brak+bird,48.639
861,3444,3448,rtn+bird+brak,47.36
862,3448,3452,rtn+motorc+brak+bird,48.636
863,3452,3456,rtn+motorc+bird,55.533
864,3456,3460,rtn+bird+brak,56.316
865,3460,3464,rtn+bird,56.981
866,3464,3468,rtn+bird,49.456
867,3468,3472,rtn+brak+bird,47.695
868,3472,3476,rtn+bird+brak+impls,53.36
869,3476,3480,rtn+bird+brak+peop,48.976
870,3480,3484,rtn+bird+brak+peop,51.724
871,3484,3488,rtn+bird,54.274
872,3488,3492,rtn+bird+peop,49.945
873,3492,3496,rtn+bird+motorc,48.171
874,3496,3500,rtn+motorc,46.477
875,3500,3504,rtn+bird+motorc,46.601
876,3504,3508,rtn+bird,46.304
877,3508,3512,rtn+bird+impls,45.747
878,3512,3516,rtn+brak+bird,44.361
879,3516,3520,rtn+bird+brak,51.78
880,3520,3524,rtn+brak+peop+bird,46.799
881,3524,3528,rtn+brak+bird+bike+peop,49.519
882,3528,3532,rtn+bird+brak+eng,45.927
883,3532,3536,rtn+eng+bird,45.048
884,3536,3540,rtn+eng+cdoor+bird,45.214
885,3540,3544,rtn+motorc,46.942
886,3544,3548,rtn+motorc,51.342
887,3548,3552,rtn+motorc,48.322
888,3552,3556,rtn,48.811
889,3556,3560,rtn+motorc,50.159
890,3560,3564,rtn+motorc,50.587
891,3564,3568,rtn+motorc+brak,49.559
892,3568,3572,rtn+impls+peop+bird,50.08
893,3572,3576,rtn+bird,51.834
894,3576,3580,rtn+bird+peop,54.519
895,3580,3584,cmplx,55.949
896,3584,3588,cmplx,52.239
897,3588,3592,rtn+bird+motorc,51.753
898,3592,3596,rtn+hdoor+motorc,52.469
899,3596,3600,rtn,55.272
900,3600,3604,rtn+motorc,56.346
901,3604,3608,rtn+motorc+bird,57.291
902,3608,3612,rtn+brak+eng,56.114
903,3612,3616,rtn+eng+bird,52.205
904,3616,3620,rtn+bird,51.938
905,3620,3624,rtn+bird+hdoor+impls,52.452
906,3624,3628,rtn+impls+bird,51.959
907,3628,3632,rtn+peop+bird,52.193
908,3632,3636,rtn+peop+bird,53.078
909,3636,3640,rtn+bird,54.136
910,3640,3644,rtn+bird,53.856
911,3644,3648,rtn+bike,53.411
912,3648,3652,rtn+bike,53.144
913,3652,3656,rtn+motorc,53.323
914,3656,3660,rtn+bird,53.651
915,3660,3664,rtn+brak,54.146
916,3664,3668,rtn+bird+motorc,54.999
917,3668,3672,rtn+motorc+bird,53.808
918,3672,3676,cmplx,53.624
919,3676,3680,rtn+bird+peop,51.786
920,3680,3684,rtn+peop+bird,53.306
921,3684,3688,rtn+peop+motorc,53.038
922,3688,3692,rtn+motorc+peop,51.725
923,3692,3696,rtn+motorc+peop,52.421
924,3696,3700,rtn+bird,53.005
925,3700,3704,rtn+motorc+peop,52.246
926,3704,3708,rtn+bird,51.828
927,3708,3712,rtn+peop+bird,51.519
928,3712,3716,rtn+peop+bird,52.854
929,3716,3720,rtn+peop+bird,52.719
930,3720,3724,rtn+impls+brak+peop+bird,52.353
931,3724,3728,rtn+brak+hdoor+peop+bird,53.267
932,3728,3732,rtn+brak+bird+peop,53.694
933,3732,3736,rtn+bird+motorc,54.857
934,3736,3740,rtn+motorc,55.212
935,3740,3744,rtn+motorc,55.75
936,3744,3748,rtn+glass+brak,55.051
937,3748,3752,rtn+glass,54.032
938,3752,3756,rtn+brak+glass,53.368
939,3756,3760,rtn+brak+cdoor,53.151
940,3760,3764,rtn+brak+peop+cdoor,52.961
941,3764,3768,rtn+peop+cdoor,54.548
942,3768,3772,rtn+eng+peop,51.875
943,3772,3776,rtn+cdoor+peop+eng,51.834
944,3776,3780,rtn+peop+eng,52.062
945,3780,3784,rtn+eng,52.806
946,3784,3788,rtn+eng+motorc,52.564
947,3788,3792,rtn+motorc+impls+eng,52.682
948,3792,3796,rtn+eng,52.295
949,3796,3800,rtn+eng+peop,51.484
950,3800,3804,rtn+peop+eng,56.259
951,3804,3808,rtn+eng+bird+impls+peop,57.394
952,3808,3812,rtn+eng+bird,56.098
953,3812,3816,rtn+impls+eng,53.549
954,3816,3820,rtn+brak+bird+peop,52.045
955,3820,3824,rtn+bird+bike+peop+eng,51.089
956,3824,3828,rtn+eng+bike+peop+bird,53.448
957,3828,3832,rtn+bike+peop+eng+impls,57.641
958,3832,3836,rtn+peop+motorc+bird,53.822
959,3836,3840,rtn+drill+motorc,49.889
960,3840,3844,rtn+troll+drill,52.02
961,3844,3848,rtn+peop+troll,48.388
962,3848,3852,rtn+bird,48.708
963,3852,3856,rtn+bird+motorc+impls,50.873
964,3856,3860,rtn+motorc+bird+impls,51.634
965,3860,3864,rtn+motorc,48.993
966,3864,3868,rtn+bird,51.883
967,3868,3872,rtn+bird+impls,49.32
968,3872,3876,rtn+bird+motorc,48.159
969,3876,3880,rtn+bird+motorc+dog,50.727
970,3880,3884,rtn+motorc,50.203
971,3884,3888,rtn+bird+motorc,47.869
972,3888,3892,rtn+bird+horn,47.989
973,3892,3896,rtn+bird+impls,47.201
974,3896,3900,rtn+bird,45.775
975,3900,3904,rtn+bird+dog,45
976,3904,3908,rtn+bird+bike,44.42
977,3908,3912,rtn+peop+dog+bird,44.618
978,3912,3916,rtn+bird+dog+hdoor,47.757
979,3916,3920,rtn+cdoor+peop+dog,55.384
980,3920,3924,rtn+bird+dog,59.054
981,3924,3928,rtn+dog+peop,58.352
982,3928,3932,rtn,58.168
983,3932,3936,rtn+cdoor,55.301
984,3936,3940,rtn+motorc,49.757
985,3940,3944,rtn+peop,47.45
986,3944,3948,rtn+motorc,50.278
987,3948,3952,rtn+motorc,52.414
988,3952,3956,rtn+brak+bird,48.141
989,3956,3960,rtn+brak+peop,54.282
990,3960,3964,rtn+bird+cdoor,48.659
991,3964,3968,rtn+bird+peop+impls,49.791
992,3968,3972,rtn+peop,49.806
993,3972,3976,rtn+motorc,48.251
994,3976,3980,rtn+motorc+peop,54.916
995,3980,3984,cmplx,50.31
996,3984,3988,rtn+bike,50.424
997,3988,3992,rtn+motorc,51.085
998,3992,3996,rtn+motorc,50.121
999,3996,4000,rtn+brak+motorc,50.971
1000,4000,4004,rtn+brak+impls,51.926
1001,4004,4008,rtn+motorc,51.366
1002,4008,4012,rtn+brak+eng,52.913
1003,4012,4016,rtn+eng,53.343
1004,4016,4020,rtn+eng+brak,48.774
1005,4020,4024,rtn+eng+motorc,49.514
1006,4024,4028,rtn+motorc+eng,47.928
1007,4028,4032,rtn+eng+impls,46.898
1008,4032,4036,rtn+impls,47.514
1009,4036,4040,rtn+eng,47.65
1010,4040,4044,rtn+peop,52.035
1011,4044,4048,rtn+brak+peop,52.871
1012,4048,4052,rtn+peop,47.948
1013,4052,4056,rtn+peop+impls,48.861
1014,4056,4060,rtn+peop,50.194
1015,4060,4064,rtn+cdoor+peop,51.453
1016,4064,4068,rtn+peop,54.701
1017,4068,4072,rtn+peop+motorc+brak,52.81
1018,4072,4076,rtn+brak+motorc+bell,50.188
1019,4076,4080,rtn+bell+brak,69.567
1020,4080,4084,rtn,55.585
1021,4084,4088,rtn+impls,50.109
1022,4088,4092,rtn,53.841
1023,4092,4096,rtn+hdoor,50.265
1024,4096,4100,rtn,48.416
1025,4100,4104,rtn+hdoor,49.872
1026,4104,4108,rtn+peop,50.878
1027,4108,4112,rtn+peop,50.482
1028,4112,4116,rtn+peop+impls,48.929
1029,4116,4120,rtn+impls+cdoor+motorc,49.898
1030,4120,4124,rtn+motorc,51.306
1031,4124,4128,rtn+motorc+brak,49.826
1032,4128,4132,rtn+brak+motorc,48.96
1033,4132,4136,rtn+motorc,50.074
1034,4136,4140,cmplx,48.355
1035,4140,4144,rtn+cdoor+motorc,50.945
1036,4144,4148,rtn+motorc+brak,51.358
1037,4148,4152,rtn+cdoor+brak,53.158
1038,4152,4156,rtn+brak,58.83
1039,4156,4160,rtn+impls+troll,61.483
1040,4160,4164,rtn+troll+eng,51.726
1041,4164,4168,rtn+eng+motorc,52.795
1042,4168,4172,rtn+motorc+eng,50.661
1043,4172,4176,rtn+horn+glass,59.088
1044,4176,4180,rtn+impls,59.358
1045,4180,4184,rtn+hdoor,59.342
1046,4184,4188,cmplx,56.774
1047,4188,4192,rtn+troll+eng,53.769
1048,4192,4196,rtn+eng+motorc,54.455
1049,4196,4200,rtn+motorc+peop+brak,57.802
1050,4200,4204,rtn+troll,54.336
1051,4204,4208,rtn+troll+impls+brak,54.069
1052,4208,4212,rtn+peop+troll,50.768
1053,4212,4216,rtn+troll+motorc,50.944
1054,4216,4220,rtn+motorc+cdoor,59.003
1055,4220,4224,rtn+motorc+brak+troll,58.591
1056,4224,4228,rtn+troll,56.975
1057,4228,4232,rtn+motorc,58.305
1058,4232,4236,rtn+motorc+brak,56.719
1059,4236,4240,rtn+motorc+peop,58.571
1060,4240,4244,rtn+cdoor,58.069
1061,4244,4248,rtn,63.888
1062,4248,4252,rtn+impls,61.718
1063,4252,4256,rtn+cdoor+eng,58.186
1064,4256,4260,rtn+cdoor+eng,58.552
1065,4260,4264,rtn+motorc,61.475
1066,4264,4268,rtn+motorc,63.495
1067,4268,4272,rtn+motorc,61.056
1068,4272,4276,rtn,60.811
1069,4276,4280,rtn,58.468
1070,4280,4284,rtn+peop+brak,60.681
1071,4284,4288,rtn+motorc+bike+peop,63.423
1072,4288,4292,rtn+peop+glass,60.889
1073,4292,4296,rtn,64.019
1074,4296,4300,rtn+peop+impls+brak,59.694
1075,4300,4304,rtn+peop+motorc+brak,63.228
1076,4304,4308,rtn+motorc+peop+brak,60.602
1077,4308,4312,cmplx,60.327
1078,4312,4316,cmplx,59.404
1079,4316,4320,rtn+brak+impls,57.086
1080,4320,4324,rtn+hdoor+motorc,52.776
1081,4324,4328,rtn+cdoor,57.507
1082,4328,4332,rtn+peop+brak,58.931
1083,4332,4336,rtn+impls,56.869
1084,4336,4340,rtn+brak+cdoor,61.662
1085,4340,4344,rtn+cdoor,61.258
1086,4344,4348,rtn+brak+hdoor,58.863
1087,4348,4352,rtn+brak,56.671
1088,4352,4356,rtn+hdoor,61.825
1089,4356,4360,rtn+bird,58.966
1090,4360,4364,rtn+motorc+cdoor,62.638
1091,4364,4368,rtn+motorc+peop,62.343
1092,4368,4372,rtn,58.898
1093,4372,4376,rtn,62.421
1094,4376,4380,cmplx,58.941
1095,4380,4384,rtn+peop,55.188
1096,4384,4388,rtn+cdoor+peop,53.779
1097,4388,4392,rtn+peop+motorc,57.022
1098,4392,4396,rtn+motorc+cdoor,61.129
1099,4396,4400,rtn+motorc,57.711
1100,4400,4404,rtn+motorc+cdoor+brak,59.879
1101,4404,4408,rtn+cdoor,58.436
1102,4408,4412,rtn+motorc,54.027
1103,4412,4416,rtn+motorc+brak,51.299
1104,4416,4420,rtn+motorc+peop,59.226
1105,4420,4424,rtn+eng,60.713
1106,4424,4428,rtn+motorc+brak+cdoor,60.482
1107,4428,4432,rtn+brak+peop,59.863
1108,4432,4436,rtn+brak+peop,60.493
1109,4436,4440,rtn+cdoor,60.539
1110,4440,4444,rtn+peop,63.875
1111,4444,4448,rtn+peop+brak,64.184
1112,4448,4452,rtn+brak+peop,63.698
1113,4452,4456,rtn+motorc,63.058
1114,4456,4460,rtn+motorc,64.324
1115,4460,4464,rtn+motorc,66.77
1116,4464,4468,rtn+motorc,58.701
1117,4468,4472,rtn+impls,53.871
1118,4472,4476,rtn+impls,56.089
1119,4476,4480,rtn+cdoor,60.02
1120,4480,4484,rtn+impls,59.447
1121,4484,4488,rtn+peop+brak,58.112
1122,4488,4492,rtn+impls+peop,54.505
1123,4492,4496,rtn+peop,51.883
1124,4496,4500,rtn+bike+peop,59.165
1125,4500,4504,rtn+peop+bike,57.696
1126,4504,4508,rtn+bike+motorc,59.494
1127,4508,4512,rtn+impls+motorc,61.57
1128,4512,4516,rtn+motorc+brak,61.437
1129,4516,4520,rtn+brak+motorc,59.539
1130,4520,4524,rtn+motorc,57.612
1131,4524,4528,cmplx,55.961
1132,4528,4532,cmplx,51.436
1133,4532,4536,rtn+bike,51.284
1134,4536,4540,rtn+brak,51.27
1135,4540,4544,rtn,51.415
1136,4544,4548,rtn+peop,49.789
1137,4548,4552,rtn+motorc,50.875
1138,4552,4556,rtn+brak+motorc+cdoor,51.848
1139,4556,4560,rtn+motorc+impls,57.849
1140,4560,4564,rtn+troll,62.489
1141,4564,4568,rtn+troll,56.269
1142,4568,4572,rtn+troll+peop,54.227
1143,4572,4576,rtn+troll,57.421
1144,4576,4580,rtn+peop+brak,61.152
1145,4580,4584,rtn+peop+cdoor,57.756
1146,4584,4588,rtn+brak+peop,58.68
1147,4588,4592,rtn+brak+peop+troll+impls,56.133
1148,4592,4596,rtn+peop+troll+brak,50.793
1149,4596,4600,rtn+brak+motorc,60.918
1150,4600,4604,rtn+motorc,58.454
1151,4604,4608,rtn+motorc+brak,54.374
1152,4608,4612,rtn+brak,51.351
1153,4612,4616,rtn,54.699
1154,4616,4620,rtn+impls,48.724
1155,4620,4624,rtn+impls,56.123
1156,4624,4628,cmplx,57.194
1157,4628,4632,rtn+cdoor+brak,51.662
1158,4632,4636,rtn+brak+hdoor,50.597
1159,4636,4640,rtn+motorc+peop,49.712
1160,4640,4644,rtn+motorc+troll,55.794
1161,4644,4648,rtn+motorc,54.262
1162,4648,4652,rtn+motorc,55.619
1163,4652,4656,rtn+motorc+hdoor,56.751
1164,4656,4660,rtn+troll+hdoor,55.83
1165,4660,4664,rtn+brak,52.518
1166,4664,4668,rtn+motorc,51.298
1167,4668,4672,rtn,60.004
1168,4672,4676,rtn+brak+cdoor,62.159
1169,4676,4680,rtn+peop,55.593
1170,4680,4684,rtn+peop,58.777
1171,4684,4688,rtn+peop+impls,53.659
1172,4688,4692,rtn+brak+hdoor,49.582
1173,4692,4696,rtn+hdoor+brak,51.463
1174,4696,4700,rtn+hdoor+motorc,58.511
1175,4700,4704,rtn+motorc+cdoor,55.993
1176,4704,4708,rtn+motorc,58.7
1177,4708,4712,rtn+motorc+peop+bird,62.153
1178,4712,4716,rtn+peop+cdoor,61.521
1179,4716,4720,rtn+glass+peop+impls,59.007
1180,4720,4724,rtn+glass+bird,60.239
1181,4724,4728,rtn+glass+brak,57.756
1182,4728,4732,rtn+glass+bird+peop,60.866
1183,4732,4736,rtn+glass+bird+motorc,57.817
1184,4736,4740,rtn+motorc+peop,57.315
1185,4740,4744,rtn+peop,62.175
1186,4744,4748,rtn+motorc,59.798
1187,4748,4752,rtn+motorc,62.085
1188,4752,4756,rtn+glass,63.239
1189,4756,4760,rtn,62.489
1190,4760,4764,rtn+brak+peop,62.194
1191,4764,4768,rtn+peop+impls+motorc,64.493
1192,4768,4772,rtn+peop+glass+hdoor,65.375
1193,4772,4776,rtn+glass+hdoor,64.976
1194,4776,4780,rtn+eng+motorc,62.525
1195,4780,4784,rtn+eng+impls,63.804
1196,4784,4788,rtn+impls+eng,68.14
1197,4788,4792,rtn+eng+impls,63.858
1198,4792,4796,rtn+eng,66.06
1199,4796,4800,rtn+motorc,59.867
1200,4800,4804,rtn+motorc+peop,58.775
1201,4804,4808,rtn+brak,56.036
1202,4808,4812,rtn+eng+hdoor+motorc,56.883
1203,4812,4816,rtn+eng+hdoor+peop,55.545
1204,4816,4820,rtn+eng+peop+hdoor,55.271
1205,4820,4824,rtn+peop+eng,55.309
1206,4824,4828,rtn+peop+eng+bird,55.607
1207,4828,4832,rtn+sire+peop+eng,54.137
1208,4832,4836,rtn+sire+peop+eng,54.487
1209,4836,4840,rtn+motorc+sire+peop,53.061
1210,4840,4844,rtn+motorc+peop,53.48
1211,4844,4848,rtn+cdoor+motorc+peop,54.351
1212,4848,4852,rtn+sire+peop,53.038
1213,4852,4856,rtn+bird+peop+sire,53.3
1214,4856,4860,rtn+motorc+sire+peop+brak,53.336
1215,4860,4864,rtn+peop+troll+sire,53.332
1216,4864,4868,rtn+sire+peop+hdoor,52.89
1217,4868,4872,rtn+sire+peop+brak,58.792
1218,4872,4876,rtn+sire+peop+brak,57.598
1219,4876,4880,rtn+peop+sire+brak,58.595
1220,4880,4884,rtn+sire+peop+impls,68.9
1221,4884,4888,rtn+sire+peop+motorc,61.837
1222,4888,4892,rtn+sire+motorc+peop+impls,60.949
1223,4892,4896,rtn+motorc+peop+sire,61.606
1224,4896,4900,rtn+bird+peop,60.69
1225,4900,4904,rtn+peop+motorc,61.262
1226,4904,4908,rtn+bird+peop+motorc+impls,65.566
1227,4908,4912,rtn+brak+peop+motorc,64.08
1228,4912,4916,rtn+peop+bird+horn,64.173
1229,4916,4920,rtn+peop+horn+cdoor+bird,61.849
1230,4920,4924,rtn+bird+peop+cdoor,61.532
1231,4924,4928,rtn+peop+bird+motorc,55.627
1232,4928,4932,rtn+motorc+peop+cdoor,54.541
1233,4932,4936,rtn+motorc+peop,55.889
1234,4936,4940,rtn+motorc+bird,56.063
1235,4940,4944,rtn+motorc,53.032
1236,4944,4948,rtn+bird+impls,53.56
1237,4948,4952,rtn+bird+peop+troll,53.726
1238,4952,4956,rtn+peop+bird+impls,52.078
1239,4956,4960,rtn+bird+peop,51.525
1240,4960,4964,rtn+peop+bird,51.692
1241,4964,4968,rtn+peop+bell+bird,52.323
1242,4968,4972,rtn+bell+peop+bird,52.512
1243,4972,4976,rtn+bird+bell+peop,49.916
1244,4976,4980,rtn+bell+peop+impls+bird,49.852
1245,4980,4984,rtn+bird+peop+bell+impls,53.35
1246,4984,4988,rtn+bell+peop+bird+cdoor,59.372
1247,4988,4992,rtn+brak+peop,59.834
1248,4992,4996,rtn+motorc+peop,54.403
1249,4996,5000,rtn+bird,52.367
1250,5000,5004,rtn+motorc+bird,49.734
1251,5004,5008,rtn+bird+peop+sire+brak,51.214
1252,5008,5012,rtn+sire+brak+impls+peop,54.659
1253,5012,5016,rtn+sire+brak+peop,54.773
1254,5016,5020,rtn+peop,54.056
1255,5020,5024,rtn+peop+brak,50.886
1256,5024,5028,rtn+impls+brak,51.317
1257,5028,5032,rtn+peop+motorc,51.231
1258,5032,5036,rtn+motorc+peop,50.018
1259,5036,5040,rtn+peop+motorc+brak,56.244
1260,5040,5044,rtn+motorc+peop+brak,51.449
1261,5044,5048,rtn+peop+impls+motorc,51.163
1262,5048,5052,rtn+peop+cdoor,48.219
1263,5052,5056,rtn+brak+peop,48.673
1264,5056,5060,rtn+brak+impls+peop,53.426
1265,5060,5064,rtn+brak+peop,54.741
1266,5064,5068,rtn+brak+cdoor+peop,52.481
1267,5068,5072,rtn+peop+motorc,52.177
1268,5072,5076,rtn+brak+peop+troll,53.757
1269,5076,5080,rtn+motorc+peop+brak,53.351
1270,5080,5084,rtn+motorc+peop,51.495
1271,5084,5088,rtn+brak+peop,53.575
1272,5088,5092,rtn+motorc+brak,52.317
1273,5092,5096,rtn+motorc+brak,54.367
1274,5096,5100,cmplx,53.905
1275,5100,5104,cmplx,53.763
1276,5104,5108,cmplx,57.34
1277,5108,5112,rtn+brak+peop,58.533
1278,5112,5116,rtn+peop+brak,62.692
1279,5116,5120,rtn+peop+eng,55.996
1280,5120,5124,rtn+eng+cdoor+peop,61.953
1281,5124,5128,rtn+eng+peop+impls,63.016
1282,5128,5132,rtn+cdoor+peop,58.429
1283,5132,5136,rtn+peop+impls,57.38
1284,5136,5140,rtn+motorc+peop,57.176
1285,5140,5144,rtn+peop+bike,57.12
1286,5144,5148,rtn+peop+motorc,56.47
1287,5148,5152,rtn+brak+motorc+peop,56.027
1288,5152,5156,rtn+brak+peop+cdoor,56.057
1289,5156,5160,rtn+peop,54.121
1290,5160,5164,rtn+cdoor+peop,52.858
1291,5164,5168,rtn+cdoor+peop,52.422
1292,5168,5172,rtn+peop,52.291
1293,5172,5176,rtn+peop+impls+brak,51.567
1294,5176,5180,rtn+impls+motorc+peop+cdoor,51.272
1295,5180,5184,rtn+cdoor+peop+motorc,50.69
1296,5184,5188,rtn+motorc+peop,64.466
1297,5188,5192,rtn+peop+motorc,59.656
1298,5192,5196,rtn+peop,54.296
1299,5196,5200,rtn+cdoor+brak+peop,51.69
1300,5200,5204,rtn+cdoor+peop+motorc+brak,51.276
1301,5204,5208,rtn+brak+peop,53.409
1302,5208,5212,rtn+peop,58.171
1303,5212,5216,rtn+peop+impls,57.855
1304,5216,5220,rtn+peop+motorc,55.655
1305,5220,5224,rtn+cdoor+peop+motorc,53.715
1306,5224,5228,rtn+motorc+peop+brak,54.464
1307,5228,5232,rtn+peop,52.797
1308,5232,5236,rtn+brak+peop,53.073
1309,5236,5240,rtn+motorc+brak+peop,51.992
1310,5240,5244,rtn+motorc+brak+peop,51.935
1311,5244,5248,rtn+peop,51.565
1312,5248,5252,rtn+hdoor+peop+bird,51.07
1313,5252,5256,rtn+bird+peop,51.974
1314,5256,5260,rtn+troll+peop,52.497
1315,5260,5264,rtn+troll+peop+bird,49.773
1316,5264,5268,rtn+troll+brak,52.014
1317,5268,5272,rtn+peop+brak+motorc,51.471
1318,5272,5276,rtn+motorc+impls,52.256
1319,5276,5280,rtn+motorc,53.813
1320,5280,5284,rtn+motorc+brak,54.631
1321,5284,5288,rtn+brak+motorc,55.274
1322,5288,5292,cmplx,55.916
1323,5292,5296,cmplx,53.929
1324,5296,5300,rtn+brak+bird+glass,53.329
1325,5300,5304,rtn+bird+cdoor+motorc,53.051
1326,5304,5308,rtn+motorc+brak,52.458
1327,5308,5312,rtn+motorc+cdoor+peop,52.102
1328,5312,5316,rtn+peop+hdoor,51.835
1329,5316,5320,rtn+motorc+peop,52.412
1330,5320,5324,rtn+motorc,52.407
1331,5324,5328,rtn+motorc+brak+bird,51.621
1332,5328,5332,rtn+motorc+impls+brak,53.03
1333,5332,5336,rtn+brak+motorc+bird,52.619
1334,5336,5340,rtn+motorc,52.221
1335,5340,5344,rtn+motorc+bird,51.492
1336,5344,5348,rtn+bird+brak+peop+impls,52.307
1337,5348,5352,rtn+peop+bird,51.273
1338,5352,5356,rtn+bird,50.07
1339,5356,5360,rtn+horn+bird,49.23
1340,5360,5364,rtn+bird,50.11
1341,5364,5368,rtn+bird,50.689
1342,5368,5372,rtn,49.603
1343,5372,5376,rtn+motorc,48.637
1344,5376,5380,rtn+motorc,50.122
1345,5380,5384,rtn+motorc+brak,50.184
1346,5384,5388,rtn+motorc+brak,50.153
1347,5388,5392,rtn+motorc+brak+peop,51.979
1348,5392,5396,rtn+brak+bird+peop,50.725
1349,5396,5400,rtn+bird+brak,51.823
1350,5400,5404,rtn+motorc+bird,49.489
1351,5404,5408,rtn+motorc,50.135
1352,5408,5412,rtn+bird+peop,49.4
1353,5412,5416,rtn+motorc+bird,48.882
1354,5416,5420,rtn+motorc+bird,48.729
1355,5420,5424,rtn+motorc+bird+impls+peop,49.94
1356,5424,5428,rtn+cdoor,48.498
1357,5428,5432,rtn,48.576
1358,5432,5436,rtn+motorc+brak,49.501
1359,5436,5440,rtn+motorc+peop,49.338
1360,5440,5444,rtn+brak+peop,48.465
1361,5444,5448,rtn+impls+peop,48.945
1362,5448,5452,rtn+peop,50.544
1363,5452,5456,rtn+peop+brak,49.448
1364,5456,5460,rtn+peop+bird,49.005
1365,5460,5464,rtn+peop+cdoor+motorc,48.582
1366,5464,5468,rtn+motorc,47.639
1367,5468,5472,rtn+motorc,48.893
1368,5472,5476,rtn+cdoor+peop,49.343
1369,5476,5480,rtn+bird+peop,48.859
1370,5480,5484,rtn+bird+cdoor,49.867
1371,5484,5488,rtn+bird+brak+peop,48.996
1372,5488,5492,rtn+horn+peop,50.335
1373,5492,5496,rtn+peop+impls,49.727
1374,5496,5500,rtn+glass+peop,51.673
1375,5500,5504,rtn+glass+peop,52.32
1376,5504,5508,rtn+glass+peop,52.203
1377,5508,5512,rtn+peop+glass+motorc+bird,49.836
1378,5512,5516,rtn+motorc+peop+bird,52.064
1379,5516,5520,rtn+impls+peop,52.834
1380,5520,5524,rtn+motorc,53.317
1381,5524,5528,rtn+motorc+brak,54.506
1382,5528,5532,rtn+brak+bird,53.477
1383,5532,5536,rtn+bird+brak,55.821
1384,5536,5540,rtn+bird+peop,55.012
1385,5540,5544,rtn+peop+bird,55.631
1386,5544,5548,rtn+peop+brak,57.604
1387,5548,5552,rtn+peop+bird,57.629
1388,5548,5552,rtn+bird,56.089
1389,5552,5556,rtn+bird+motorc,57.197
1390,5556,5560,rtn+motorc,54.802
1391,5560,5564,rtn+motorc+cdoor,54.563
1392,5564,5568,rtn+brak+motorc,55.48
1393,5568,5572,rtn+bird+motorc,56.034
1394,5572,5576,rtn+motorc+bird,55.128
1395,5576,5580,rtn+bird+peop+brak,55.418
1396,5580,5584,rtn+bird+peop+impls,54.261
1397,5584,5588,rtn+bird+peop,55.239
1398,5588,5592,rtn+bird,55.183
1399,5592,5596,rtn+peop+bird+impls,54.872
1400,5596,5600,cmplx,55.911
1401,5600,5604,rtn+peop+impls,56.544
1402,5604,5608,rtn+glass+brak,58.353
1403,5608,5612,eng+rtn+wind+peop,60.158
1404,5612,5616,rtn+impls+brak+peop+bird,60.554
1405,5616,5620,eng+rtn+brak,61.76
1406,5620,5624,eng+rtn+peop+brak+cdoor,60.971
1407,5624,5628,rtn+cdoor+eng,58.073
1408,5628,5632,eng+rtn,56.021
1409,5632,5636,rtn+bird+peop+brak,54.205
1410,5636,5640,eng+rtn+brak+motorc,54.922
1411,5640,5644,eng+rtn+motorc,54.302
1412,5644,5648,rtn+eng+bird,55.317
1413,5648,5652,rtn+eng+motorc,54.885
1414,5652,5656,rtn+motorc+bird+impls,54.722
1415,5656,5660,rtn+bird+peop,54.36
1416,5660,5664,rtn+bird+eng,52.517
1417,5664,5668,rtn+eng,53.898
1418,5668,5672,rtn+horn+eng,53.65
1419,5672,5676,eng+rtn+troll,54.893
1420,5676,5680,eng+rtn+peop+bird,54.104
1421,5680,5684,rtn+troll+eng+peop,54.53
1422,5684,5688,eng+rtn+motorc+bird,54.495
1423,5688,5692,eng+rtn+bird,59.001
1424,5692,5696,eng+rtn+bird,55.732
1425,5696,5700,rtn+dog+peop,54.833
1426,5700,5704,eng+rtn+brak+motorc+peop,54.884
1427,5704,5708,eng+rtn+bird+peop,54.133
1428,5708,5712,eng+rtn+peop+troll,54.521
1429,5712,5716,rtn+motorc+brak,55.668
1430,5716,5720,rtn,57.519
1431,5720,5724,rtn+impls,57.357
1432,5724,5728,eng+rtn+troll+bird,57.692
1433,5728,5732,rtn+bird+peop,59.682
1434,5732,5736,rtn+motorc+eng,58.647
1435,5736,5740,eng+rtn+bird+motorc,56.571
1436,5740,5744,eng+rtn+brak,55.542
1437,5744,5748,rtn+brak+eng,53.157
1438,5748,5752,eng+rtn+bird+peop,52.744
1439,5752,5756,rtn+cdoor,51.485
1440,5756,5760,eng+rtn+impls,51.662
1441,5760,5764,rtn+motorc+sire+eng,50.024
1442,5764,5768,eng+rtn+bird+motorc,50.617
1443,5768,5772,rtn+cdoor,50.51
1444,5772,5776,eng+rtn+bird+motorc,50.813
1445,5776,5780,rtn+bird,51.029
1446,5780,5784,rtn+motorc+brak+bird,50.456
1447,5784,5788,rtn+peop+motorc+bird,51.584
1448,5788,5792,rtn+brak+bird,51.204
1449,5792,5796,rtn+motorc+brak,51.128
1450,5796,5800,rtn+peop+brak,51.344
1451,5800,5804,eng+rtn+bird,51.156
1452,5804,5808,rtn+brak+hdoor,52.083
1453,5808,5812,rtn,49.445
1454,5812,5816,rtn+glass+peop+impls,49.81
1455,5816,5820,rtn+bird,50.465
1456,5820,5824,rtn+troll+peop+motorc,49.609
1457,5824,5828,eng+rtn+sire+peop,50.361
1458,5828,5832,eng+rtn+motorc+bird,51.68
1459,5832,5836,eng+rtn+brak+peop,52.351
1460,5836,5840,eng+rtn,52.589
1461,5840,5844,rtn+peop+motorc,52.366
1462,5844,5848,eng+rtn+bird+dog+peop,52.187
1463,5848,5852,rtn+impls,53.41
1464,5852,5856,rtn+motorc+impls+eng,52.955
1465,5856,5860,rtn+brak+bird+bike+peop,50.439
1466,5860,5864,eng+rtn+motorc+bird,49.252
1467,5864,5868,rtn+impls+glass+bird+peop,50.29
1468,5868,5872,eng+rtn+peop+troll,49.872
1469,5872,5876,eng+rtn+bird+sire,49.75
1470,5876,5880,rtn+cdoor,49.273
1471,5880,5884,eng+rtn+brak+impls+peop,50.869
1472,5884,5888,rtn+bird+peop,50.982
1473,5888,5892,rtn+cdoor+eng,50.733
1474,5892,5896,rtn+bird+peop+brak,50.604
1475,5896,5900,rtn+bell+brak,50.018
1476,5900,5904,rtn+impls+motorc+peop+cdoor,51.246
1477,5904,5908,eng+rtn+impls,53.633
1478,5908,5912,eng+rtn+motorc,55
1479,5912,5916,rtn+cdoor+brak,56.043
1480,5916,5920,eng+rtn+motorc,55.413
1481,5920,5924,rtn+peop+eng,54.986
1482,5924,5928,rtn+motorc+peop,55.331
1483,5928,5932,rtn+brak+eng,53.975
1484,5932,5936,eng+rtn+motorc+bird,52.96
1485,5936,5940,eng+rtn+troll,53.706
1486,5940,5944,rtn+cdoor+peop,54.215
1487,5944,5948,eng+rtn+peop,55.14
1488,5948,5952,rtn+brak+eng,54.318
1489,5952,5956,rtn+troll+peop+eng,53.324
1490,5956,5960,eng+rtn+brak+cdoor+peop+bird,53.141
1491,5960,5964,eng+rtn+bird+motorc,52.831
1492,5964,5968,rtn+sire+peop+brak,52.894
1493,5968,5972,eng+rtn+peop+sire,53.069
1494,5972,5976,eng+rtn+peop+brak,52.911
1495,5976,5980,rtn+motorc,52.483
1496,5980,5984,rtn+sire+peop+eng,52.041
1497,5984,5988,rtn+peop+motorc,53.485
1498,5988,5992,cmplx,53.222
1499,5992,5996,eng+rtn+brak+cdoor+peop+bird,54.631
1500,5996,6000,rtn+motorc+cdoor,53.921
1501,6000,6004,rtn+bird+brak+peop,55.183
1502,6004,6008,rtn+bird+motorc,55.197
1503,6008,6012,eng+rtn+bird,53.507
1504,6012,6016,eng+rtn+bird+peop,53.481
1505,6016,6020,eng+rtn+impls,53.815
1506,6020,6024,rtn+brak,52.674
1507,6024,6028,rtn+eng,54.682
1508,6028,6032,rtn+motorc,52.168
1509,6032,6036,rtn+peop,52.299
1510,6036,6040,eng+rtn+impls+bird,49.778
1511,6040,6044,eng+rtn+motorc+sire+brak+bird,50.87
1512,6044,6048,eng+rtn+bird,51.311
1513,6048,6052,rtn+peop+hdoor,50.572
1514,6052,6056,eng+rtn+impls,49.828
1515,6056,6060,eng+rtn+brak+motorc+bird,49.232
1516,6060,6064,eng+rtn+motorc+bird,47.638
1517,6064,6068,eng+rtn+troll+impls,47.363
1518,6068,6072,eng+rtn+motorc,48.166
1519,6072,6076,eng+rtn+bird+peop+impls,47.219
1520,6076,6080,rtn+motorc+eng,47.978
1521,6080,6084,rtn+bird+peop+impls,48.774
1522,6084,6088,rtn+bird+peop+sire,48.617
1523,6088,6092,rtn+bird+peop,48.432
1524,6092,6096,eng+rtn+hdoor+motorc,47.569
1525,6096,6100,eng+rtn+bird+cdoor,48.037
1526,6100,6104,rtn+peop,47.104
1527,6104,6108,eng+rtn+bird+motorc,46.829
1528,6108,6112,rtn+bird+peop+bell+impls,49.133
1529,6112,6116,rtn+eng+motorc,47.392
1530,6116,6120,rtn+brak,49.417
1531,6120,6124,rtn+bird,49.168
1532,6124,6128,rtn+eng+sire,47.454
1533,6128,6132,rtn+troll+brak+motorc+eng,47.514
1534,6132,6136,rtn+motorc+peop,48.263
1535,6136,6140,rtn+peop+eng,47.05
1536,6140,6144,eng+rtn+motorc,47.432
1537,6144,6148,eng+rtn+bird+peop,47.316
1538,6148,6152,rtn+peop+impls,47.136
1539,6152,6156,rtn,47.216
1540,6156,6160,rtn+bird,47.498
1541,6160,6164,rtn+bird,47.617
1542,6164,6168,rtn,47.818
1543,6168,6172,rtn+peop+eng,47.507
1544,6172,6176,eng+rtn+bird+motorc+cdoor,48.209
1545,6176,6180,rtn+motorc,47.936
1546,6180,6184,rtn+brak+peop,47.666
1547,6184,6188,eng+rtn+hdoor+bird+peop+cdoor+horn,48.709
1548,6188,6192,eng+rtn,48.456
1549,6192,6196,eng+rtn+impls,49.874
1550,6196,6200,rtn+peop+brak,48.465
1551,6200,6204,rtn,48.546
1552,6204,6208,rtn+glass+bird+motorc,48.541
1553,6208,6212,rtn,48.209
1554,6212,6216,eng+rtn+peop+troll,48.745
1555,6216,6220,rtn+horn+peop,57.416
1556,6220,6224,eng+rtn+bird+brak+peop,49.947
1557,6224,6228,eng+rtn+peop,49.937
1558,6228,6232,eng+rtn+brak,50.523
1559,6232,6236,eng+rtn+impls+troll+bird+brak,50.949
1560,6236,6240,rtn+bird,52.125
1561,6240,6244,eng+rtn+motorc+peop+bird,52.712
1562,6244,6248,rtn+motorc+impls+eng,53.885
1563,6248,6252,eng+rtn+peop+glass+bird,52.386
1564,6252,6256,eng+rtn+bird+cdoor,53.581
1565,6256,6260,rtn+glass+bird+motorc,53.925
1566,6260,6264,eng+rtn+bird+horn,53.764
1567,6264,6268,rtn+troll+peop+motorc,53.308
1568,6268,6272,rtn+motorc+troll+eng,53.128
1569,6272,6276,rtn,54.344
1570,6276,6280,rtn+brak+bird+eng,57.11
1571,6280,6284,eng+rtn+bell+troll+bird+peop,59.079
1572,6284,6288,rtn+bird+eng,59.447
1573,6288,6292,rtn+hdoor+peop+bird,61.129
1574,6292,6296,rtn+brak+hdoor,62.162
1575,6296,6300,rtn+sire+peop+eng,61.565
1576,6300,6304,rtn+glass+brak,60.161
1577,6304,6308,rtn+impls+cdoor+motorc,59.602
1578,6308,6312,rtn+cdoor+peop,58.357
1579,6312,6316,rtn+dog+peop,56.747
1580,6316,6320,rtn+brak+peop,55.905
1581,6320,6324,eng+rtn,54.791
1582,6324,6328,eng+rtn+motorc,56.242
1583,6328,6332,rtn+bird+brak+peop,53.862
1584,6332,6336,rtn+brak,53.764
1585,6336,6340,rtn+troll+peop+eng,53.78
1586,6340,6344,eng+rtn+motorc,53.355
1587,6344,6348,eng+rtn,53.78
1588,6348,6352,eng+rtn+motorc,53.458
1589,6352,6356,rtn+troll+motorc,53.596
1590,6356,6360,eng+rtn+bird,53.657
1591,6360,6364,eng+rtn,53.217
1592,6364,6368,rtn+eng+brak,53.168
1593,6368,6372,eng+rtn+brak+peop,53.602
1594,6372,6376,eng+rtn+peop+motorc,54.87
1595,6376,6380,rtn+bird,55.412
1596,6380,6384,rtn+bird+hdoor+impls,54.814
1597,6384,6388,eng+rtn+wind,54.754
1598,6388,6392,eng+rtn+hdoor,53.024
1599,6392,6396,eng+rtn+peop,53.162
1600,6396,6400,rtn+eng+bird+impls+peop,53.242
1601,6400,6404,cmplx,52.794
1602,6404,6408,rtn+brak,54.547
1603,6408,6412,rtn+motorc+wind,55.387
1604,6412,6416,rtn+bird+motorc,54.569
1605,6416,6420,eng+rtn+motorc+sire+brak+bird,55.035
1606,6420,6424,rtn+bird,54.968
1607,6424,6428,eng+rtn+sire+motorc,54.88
1608,6428,6432,rtn+brak+hdoor,54.204
1609,6432,6436,rtn+eng,55.476
1610,6436,6440,rtn+bird+peop,55.812
1611,6440,6444,rtn+motorc+peop+bird,55.993
1612,6444,6448,rtn+peop,57.535
1613,6448,6452,rtn+cdoor,56.748
1614,6452,6456,rtn+glass,57.092
1615,6456,6460,eng+rtn+bird+motorc,55.449
1616,6460,6464,eng+rtn+motorc+cdoor,54.392
1617,6464,6468,eng+rtn+troll+impls,53.148
1618,6468,6472,eng+rtn+troll,53.716
1619,6472,6476,eng+rtn+bird+brak,53.916
1620,6476,6480,rtn+bird+peop,53.204
1621,6480,6484,eng+rtn+brak+cdoor+peop+bird,51.688
1622,6484,6488,rtn+motorc+eng,51.679
1623,6488,6492,eng+rtn+bird+motorc,55.233
1624,6492,6496,rtn+eng+impls,54.701
1625,6496,6500,eng+rtn+troll,51.982
1626,6500,6504,rtn+motorc+eng+bird,54.791
1627,6504,6508,eng+rtn+motorc+bird,54.417
1628,6508,6512,eng+rtn+brak+motorc+bird,53.032
1629,6512,6516,eng+rtn,50.72
1630,6516,6520,eng+rtn+motorc,51.171
1631,6520,6524,eng+rtn+bird+peop,51.36
1632,6524,6528,eng+rtn+motorc+bird,52.032
1633,6528,6532,rtn+peop+impls,51.638
1634,6532,6536,rtn+troll+impls+brak,52.919
1635,6536,6540,rtn+bird+peop+impls,52.491
1636,6540,6544,rtn+peop+impls,53.758
1637,6544,6548,rtn+motorc+peop,54.587
1638,6548,6552,rtn+cdoor,52.362
1639,6552,6556,eng+rtn+impls+motorc+bird,53.095
1640,6556,6560,rtn+motorc+eng+peop,52.302
1641,6560,6564,eng+rtn,51.155
1642,6564,6568,rtn+eng,51.167
1643,6568,6572,rtn+bird,51.713
1644,6572,6576,eng+rtn+peop+brak,52.185
1645,6576,6580,eng+rtn+bird+motorc,53.345
1646,6580,6584,rtn+bird+impls,53.364
1647,6584,6588,rtn,51.817
1648,6588,6592,rtn+motorc,50.899
1649,6592,6596,eng+rtn+impls+peop,51.321
1650,6596,6600,eng+rtn+peop+brak,51.899
1651,6600,6604,eng+rtn+brak+cdoor+bird,54.154
1652,6604,6608,rtn+motorc,50.526
1653,6608,6612,rtn+bird,49.171
1654,6612,6616,rtn+eng+sire,51.104
1655,6616,6620,rtn+brak+motorc,53.356
1656,6620,6624,rtn+cdoor+peop,55.192
1657,6624,6628,eng+rtn+brak,55.771
1658,6628,6632,cmplx,57.52
1659,6632,6636,rtn+brak+impls+peop,56.434
1660,6636,6640,rtn+brak+peop,57.182
1661,6640,6644,rtn+impls+peop,55.675
1662,6644,6648,rtn+motorc+peop,57.062
1663,6648,6652,rtn+cdoor+peop,56.544
1664,6652,6656,rtn+bird,56.985
1665,6656,6660,rtn+bird+brak+peop+impls,56.349
1666,6660,6664,rtn,55.786
1667,6664,6668,rtn+motorc+peop,56.031
1668,6668,6672,eng+rtn+peop+motorc,56.709
1669,6672,6676,rtn+peop+brak,55.445
1670,6676,6680,rtn+bird+eng,59.492
1671,6680,6684,rtn+motorc+bird,61.574
1672,6684,6688,rtn+eng+bird,60.501
1673,6688,6692,eng+rtn+bird+cdoor,57.987
1674,6692,6696,eng+rtn+motorc+peop,56.018
1675,6696,6700,eng+rtn+bird+glass+peop,54.76
1676,6700,6704,rtn+eng+motorc,53.585
1677,6704,6708,rtn+hdoor,54.061
1678,6708,6712,rtn+bike,53.099
1679,6712,6716,rtn+motorc+peop,55.024
1680,6716,6720,rtn+cdoor+eng,54.523
1681,6720,6724,rtn+peop+hdoor,54.165
1682,6724,6728,eng+rtn+bird+motorc+peop,53.148
1683,6728,6732,rtn+brak+cdoor,52.309
1684,6732,6736,eng+rtn+troll+peop+bird,52.904
1685,6736,6740,eng+rtn+motorc+bird,52.18
1686,6740,6744,eng+rtn+peop+troll,53.19
1687,6744,6748,rtn+motorc+peop+brak,53.288
1688,6748,6752,rtn+dog+peop+eng,53.576
1689,6752,6756,rtn+bird+eng,54.734
1690,6756,6760,eng+rtn+motorc,53.57
1691,6760,6764,rtn+dog+motorc+bird,53.928
1692,6764,6768,eng+rtn+peop+bird,54.826
1693,6768,6772,eng+rtn+bird,56.279
1694,6772,6776,eng+rtn+motorc+bird,58.458
1695,6776,6780,rtn+bird,57.277
1696,6780,6784,eng+rtn+impls,56.128
1697,6784,6788,rtn+peop,54.912
1698,6788,6792,rtn+brak+peop,55.628
1699,6792,6796,eng+rtn,54.466
1700,6796,6800,cmplx,53.729
1701,6800,6804,rtn+motorc+brak,53.691
1702,6804,6808,eng+rtn+peop+troll,54.527
1703,6808,6812,eng+rtn+motorc+bird+peop,53.125
1704,6812,6816,eng+rtn+bird,53.138
1705,6816,6820,eng+rtn+brak+motorc,53.246
1706,6820,6824,eng+rtn,53.766
1707,6824,6828,rtn+bike,53.548
1708,6828,6832,eng+rtn+brak+bird,53.004
1709,6832,6836,rtn+bird+peop+brak,53.289
1710,6836,6840,rtn+impls+brak+peop+bird,53.652
1711,6840,6844,rtn+motorc+brak+bird,52.009
1712,6844,6848,rtn+impls+eng,52.084
1713,6848,6852,rtn+cdoor+eng,50.791
1714,6852,6856,rtn+bird+motorc,49.427
1715,6856,6860,rtn+eng+peop+hdoor,48.292
1716,6860,6864,rtn+bird,48.531
1717,6864,6868,rtn,47.285
1718,6868,6872,eng+rtn+peop,46.838
1719,6872,6876,eng+rtn+bird+brak,45.366
1720,6876,6880,eng+rtn+bird,46.239
1721,6880,6884,eng+rtn+peop+motorc,45.859
1722,6884,6888,eng+rtn+hdoor+peop+motorc,45.675
1723,6888,6892,rtn+bird+motorc,45.354
1724,6892,6896,rtn+peop+brak+motorc,45.6
1725,6896,6900,rtn+motorc,46.422
1726,6900,6904,eng+rtn+bird,46.519
1727,6904,6908,rtn+motorc,47.003
1728,6908,6912,rtn+bird,47.671
1729,6912,6916,rtn+impls+eng,54.323
1730,6916,6920,rtn+brak+troll+eng+peop,48.18
1731,6920,6924,rtn+peop+eng,49.283
1732,6924,6928,cmplx,47.881
1733,6928,6932,eng+rtn+impls,47.953
1734,6932,6936,rtn+cdoor,47.54
1735,6936,6940,cmplx,45.803
1736,6940,6944,eng+rtn+brak,46.28
1737,6944,6948,rtn+brak,45.645
1738,6948,6952,rtn+bird+motorc,45.751
1739,6952,6956,rtn+brak+bird,46.255
1740,6956,6960,rtn+eng,46.536
1741,6960,6964,rtn+bike,46.103
1742,6964,6968,eng+rtn+hdoor+motorc,45.387
1743,6968,6972,rtn+bird+peop,46
1744,6972,6976,eng+rtn,45.566
1745,6976,6980,rtn+impls,45.379
1746,6980,6984,eng+rtn,45.135
1747,6984,6988,rtn+peop+impls+brak,45.105
1748,6988,6992,eng+rtn+motorc,46.258
1749,6992,6996,rtn+eng+sire,46.387
1750,6996,7000,eng+rtn+bird+peop+brak,45.873
1751,7000,7004,rtn+peop+impls+motorc,46.162
1752,7004,7008,rtn+bird,48.163
1753,7008,7012,rtn+motorc,47.42
1754,7012,7016,rtn+motorc+peop+brak,47.057
1755,7016,7020,rtn+troll+eng,47.247
1756,7020,7024,eng+rtn+bird+motorc,48.75
1757,7024,7028,rtn+cdoor+peop,50.239
1758,7028,7032,rtn+bird,50.829
1759,7032,7036,eng+rtn+bird+peop+troll,51.173
1760,7036,7040,eng+rtn+bird+peop,53.315
1761,7040,7044,rtn+impls,55.272
1762,7044,7048,eng+rtn+motorc+peop,56.186
1763,7048,7052,rtn+motorc+hdoor,56.661
1764,7052,7056,eng+rtn+bird+motorc,58.073
1765,7056,7060,eng+rtn+bird+peop,55.849
1766,7060,7064,eng+rtn+bird,54.129
1767,7064,7068,rtn+motorc+peop+bird,53.374
1768,7068,7072,rtn+eng,53.656
1769,7072,7076,eng+rtn+motorc+bird,53.524
1770,7076,7080,rtn+peop+bird,52.79
1771,7080,7084,rtn+bird,52.59
1772,7084,7088,rtn+troll+eng,51.523
1773,7088,7092,rtn+bird+motorc+dog,51.636
1774,7092,7096,rtn+troll+eng+peop,51.087
1775,7096,7100,eng+rtn,52.033
1776,7100,7104,rtn+motorc+troll,51.438
1777,7104,7108,eng+rtn+bird+impls,52.463
1778,7108,7112,eng+rtn+troll+bird,54.609
1779,7112,7116,rtn+eng+peop,55.609
1780,7116,7120,eng+rtn+troll+bird,54.729
1781,7120,7124,eng+rtn+brak+cdoor+peop+bird,55.845
1782,7124,7128,eng+rtn+peop+glass+motorc,57.157
1783,7128,7132,rtn+bird,56.709
1784,7132,7136,rtn+bird+peop,57.796
1785,7136,7140,rtn+impls,59.051
1786,7140,7144,rtn+eng+peop,58.269
1787,7144,7148,rtn+bird+hdoor+impls,60.115
1788,7148,7152,rtn+motorc,58.051
1789,7152,7156,rtn+impls,58.349
1790,7156,7160,rtn+motorc+peop+bird,61.366
1791,7160,7164,rtn+impls,63.614
1792,7164,7168,rtn+bell+peop+impls+bird,62.305
1793,7168,7172,eng+rtn+motorc+cdoor,62.978
1794,7172,7176,eng+rtn+bird+cdoor,62.576
1795,7176,7180,rtn+motorc+cdoor+brak,62.271
1796,7180,7184,rtn+peop+troll,61.491
1797,7184,7188,eng+rtn+bird+peop+hdoor,59.94
1798,7188,7192,rtn+horn+peop,58.558
1799,7192,7196,rtn+peop,57.825
1800,7196,7200,eng+rtn+motorc,56.525
1801,7200,7204,rtn+motorc+peop,55.726
1802,7204,7208,rtn+troll+brak+motorc+eng,58.857
1803,7208,7212,rtn+peop+bird,55.626
1804,7212,7216,rtn+motorc,53.612
1805,7216,7220,rtn+peop+cdoor,51.971
1806,7220,7224,rtn+eng+peop,52.162
1807,7224,7228,eng+rtn+bird+hdoor+peop,51.484
1808,7228,7232,eng+rtn,50.767
1809,7232,7236,rtn+bird,50.581
1810,7236,7240,rtn+motorc,50.98
1811,7240,7244,rtn+peop+cdoor,50.494
1812,7244,7248,rtn+glass,50.753
1813,7248,7252,eng+rtn+sire,49.235
1814,7252,7256,eng+rtn+peop+motorc,50.835
1815,7256,7260,eng+rtn,50.551
1816,7260,7264,eng+rtn+motorc,50.725
1817,7264,7268,rtn+bell+brak,50.679
1818,7268,7272,eng+rtn+bird+peop+motorc,50.22
1819,7272,7276,eng+rtn+motorc,50.469
1820,7276,7280,rtn+peop+horn+cdoor+bird,49.5
1821,7280,7284,eng+rtn+motorc+bird,49.696
1822,7284,7288,rtn+bird+peop,50.117
1823,7288,7292,rtn+impls+motorc,51.735
1824,7292,7296,eng+rtn+motorc,50.646
1825,7296,7300,rtn+bird,49.507
1826,7300,7304,eng+rtn+bird,52.505
1827,7304,7308,rtn+peop+hdoor,51.996
1828,7308,7312,rtn+eng,51.777
1829,7312,7316,eng+rtn+bird,52.366
1830,7316,7320,eng+rtn+cdoor+brak+bird,55.381
1831,7320,7324,rtn+troll+brak,49.798
1832,7324,7328,eng+rtn+bird,50.05
1833,7328,7332,rtn+eng+motorc,51.62
1834,7332,7336,rtn+peop+eng,52.716
1835,7336,7340,rtn+motorc,51.921
1836,7340,7344,eng+rtn+brak+bird,49.906
1837,7344,7348,rtn+brak,49.13
1838,7348,7352,eng+rtn+peop,47.82
1839,7352,7356,rtn+glass+peop,48.334
1840,7356,7360,rtn+troll+peop,46.201
1841,7360,7364,cmplx,48.237
1842,7364,7368,rtn+peop+motorc+eng,47.897
1843,7368,7372,rtn+bird+peop+brak,48.205
1844,7372,7376,eng+rtn+bird,49.232
1845,7376,7380,rtn+eng+sire,50.489
1846,7380,7384,eng+rtn+brak,52.225
1847,7384,7388,rtn+brak+cdoor+peop,53.254
1848,7388,7392,eng+rtn+bird,53.586
1849,7392,7396,eng+rtn+impls,57.728
1850,7396,7400,rtn+peop+eng,56.77
1851,7400,7404,rtn+peop+impls+brak,56.464
1852,7404,7408,eng+rtn+brak+cdoor+peop+bird,58.766
1853,7408,7412,rtn+motorc,58.409
1854,7412,7416,rtn+motorc,57.602
1855,7416,7420,rtn+bird+brak+peop,56.913
1856,7420,7424,rtn+bird+brak,56.869
1857,7424,7428,eng+rtn+peop,54.616
1858,7428,7432,rtn+impls+brak+peop+bird,54.425
1859,7432,7436,eng+rtn+hdoor,54.995
1860,7436,7440,cmplx,54.697
1861,7440,7444,eng+rtn+troll,56.046
1862,7444,7448,eng+rtn+bird,57.678
1863,7448,7452,rtn+impls+motorc,57.839
1864,7452,7456,rtn+horn+eng+bird,56.486
1865,7456,7460,cmplx,55.881
1866,7460,7464,eng+rtn+peop+impls+bird,53.949
1867,7464,7468,rtn+bird+brak,53.962
1868,7468,7472,eng+rtn+motorc+bird,53.034
1869,7472,7476,rtn+motorc+cdoor,53.027
1870,7476,7480,rtn+impls+peop+bird,52.391
1871,7480,7484,rtn+peop+horn+cdoor+bird,51.875
1872,7484,7488,eng+rtn+bird+motorc,53.236
1873,7488,7492,rtn+impls,53.276
1874,7492,7496,rtn+motorc+impls+eng,52.836
1875,7496,7500,rtn+peop+impls,53.589
1876,7500,7504,eng+rtn+bird+peop,53.761
1877,7504,7508,eng+rtn+impls+motorc+bird,53.761
1878,7508,7512,rtn+motorc+bird,54.307
1879,7512,7516,eng+rtn+peop,54.3
1880,7516,7520,rtn+bird,54.877
1881,7520,7524,rtn+bird,54.75
1882,7524,7528,rtn+eng,54.576
1883,7528,7532,rtn+bird+cdoor+motorc,53.632
1884,7532,7536,eng+rtn+troll+bird,53.371
1885,7536,7540,eng+rtn+bird+peop,52.447
1886,7540,7544,rtn,52.758
1887,7544,7548,eng+rtn+brak+peop,53.236
1888,7548,7552,cmplx,52.518
1889,7552,7556,rtn+brak+peop,52.428
1890,7556,7560,eng+rtn+motorc,53.939
1891,7560,7564,rtn,53.578
1892,7564,7568,rtn+bird+brak+eng,53.95
1893,7568,7572,rtn+glass+brak,55.265
1894,7572,7576,rtn+bird+troll,57.662
1895,7576,7580,eng+rtn+bird+glass+peop,57.081
1896,7580,7584,eng+rtn+brak,56.087
1897,7584,7588,eng+rtn+bird,55.912
1898,7588,7592,rtn+bird+troll,55.016
1899,7592,7596,rtn+bird+motorc+dog,54.848
1900,7596,7600,eng+rtn+bird,55.921
1901,7600,7604,rtn+motorc,55.104
1902,7604,7608,eng+rtn+peop+brak,53.769
1903,7608,7612,rtn+cdoor+brak+peop,53.254
1904,7612,7616,rtn+motorc,51.33
1905,7616,7620,rtn+brak+peop,50.49
1906,7620,7624,rtn+motorc+eng,50.45
1907,7624,7628,rtn+peop+brak,50.685
1908,7628,7632,eng+rtn+bird+peop,49.97
1909,7632,7636,rtn+cdoor+motorc+peop,49.152
1910,7636,7640,rtn+eng,49.71
1911,7640,7644,rtn+eng,50.07
1912,7644,7648,eng+rtn+bird+motorc,49.526
1913,7648,7652,eng+rtn+troll,48.432
1914,7652,7656,eng+rtn+motorc,46.979
1915,7656,7660,rtn,47.174
1916,7660,7664,rtn+bird+motorc+dog,47.689
1917,7664,7668,eng+rtn+motorc,46.512
1918,7668,7672,rtn+bird+cdoor,46.463
1919,7672,7676,eng+rtn+peop,46.538
1920,7676,7680,eng+rtn+motorc,46.089
1921,7680,7684,rtn+brak+peop,46.903
1922,7684,7688,eng+rtn+peop+brak,46.328
1923,7688,7692,rtn+eng+brak,47.269
1924,7692,7696,eng+rtn+bird,46.861
1925,7696,7700,eng+rtn+bird,45.492
1926,7700,7704,eng+rtn+motorc+cdoor+bird,47.066
1927,7704,7708,rtn+peop+motorc+bird,47.302
1928,7708,7712,rtn+peop+impls+motorc,47.083
1929,7712,7716,eng+rtn+impls+bird+peop+motorc,48.148
1930,7716,7720,rtn+eng+motorc,47.803
1931,7720,7724,rtn+peop+impls,47.229
1932,7724,7728,eng+rtn+brak+cdoor+peop+bird,48.227
1933,7728,7732,rtn+troll+hdoor,47.145
1934,7732,7736,rtn,48.095
1935,7736,7740,rtn+motorc+brak,49.066
1936,7740,7744,eng+rtn+motorc,49.465
1937,7744,7748,eng+rtn,55.243
1938,7748,7752,eng+rtn+brak,49.505
1939,7752,7756,eng+rtn+impls+bird,50.588
1940,7756,7760,rtn+cdoor+eng,51.79
1941,7760,7764,rtn+peop+impls,51.464
1942,7764,7768,rtn+brak+motorc+bell,51.121
1943,7768,7772,eng+rtn+bird+peop,51.223
1944,7772,7776,eng+rtn+motorc,51.432
1945,7776,7780,eng+rtn+motorc,51.253
1946,7780,7784,rtn+peop+horn+cdoor+bird,52.326
1947,7784,7788,rtn+brak+peop,53.304
1948,7788,7792,eng+rtn+bird+motorc,54.605
1949,7792,7796,rtn+brak,56.438
1950,7796,7800,eng+rtn+bell+troll+bird+peop,57.451
1951,7800,7804,eng+rtn,58.938
1952,7804,7808,eng+rtn+bird+brak,60.754
1953,7808,7812,rtn+bird+peop,61.797
1954,7812,7816,rtn+cdoor+peop+dog,60.56
1955,7816,7820,rtn+troll,60.705
1956,7820,7824,rtn+impls,59.501
1957,7824,7828,eng+rtn+peop,57.137
1958,7828,7832,rtn+brak+impls+eng,54.934
1959,7832,7836,rtn+brak,54.995
1960,7836,7840,eng+rtn+impls+motorc+peop+bird,57.087
1961,7840,7844,eng+rtn+impls,57.012
1962,7844,7848,eng+rtn,56.218
1963,7848,7852,rtn+troll+brak+motorc+eng,56.263
1964,7852,7856,eng+rtn+peop,56.867
1965,7856,7860,rtn+bird+troll,56.05
1966,7860,7864,rtn+bird,57.318
1967,7864,7868,rtn+bird+peop+impls,57.355
1968,7868,7872,rtn+troll+peop,56.926
1969,7872,7876,rtn+motorc+peop,56.448
1970,7876,7880,eng+rtn+bird,55.566
1971,7880,7884,eng+rtn+peop+brak+cdoor,57.19
1972,7884,7888,rtn+brak,59.761
1973,7888,7892,eng+rtn+peop+motorc,60.152
1974,7892,7896,rtn+brak+bird,60.395
1975,7896,7900,cmplx,59.164
1976,7900,7904,eng+rtn+troll,58.561
1977,7904,7908,rtn+brak,58.93
1978,7908,7912,eng+rtn+peop+bird,58.282
1979,7912,7916,rtn+bird+hdoor+impls,57.999
1980,7916,7920,rtn+motorc+peop,58.175
1981,7920,7924,eng+rtn+peop+brak,57.772
1982,7924,7928,rtn+peop+sire+brak,55.714
1983,7928,7932,cmplx,55.792
1984,7932,7936,eng+rtn+brak+peop,56.333
1985,7936,7940,rtn,53.821
1986,7940,7944,rtn+motorc+troll+eng,53.114
1987,7944,7948,rtn+peop,53.913
1988,7948,7952,rtn+peop+eng,53.333
1989,7952,7956,eng+rtn+bird,52.898
1990,7956,7960,rtn+eng+bird+impls+peop,54.46
1991,7960,7964,rtn+bird+bike,56.828
1992,7964,7968,rtn+motorc+peop,56.414
1993,7968,7972,rtn+motorc,54.972
1994,7972,7976,rtn+peop+cdoor,53.464
1995,7976,7980,eng+rtn+hdoor+bird+peop+cdoor+horn,54.413
1996,7980,7984,rtn+peop+motorc,54.693
1997,7984,7988,rtn+impls+motorc,55.454
1998,7988,7992,rtn,54.978
1999,7992,7996,eng+rtn+bird,54.228
2000,7996,8000,rtn+motorc+peop+brak,52.456
2001,8000,8004,rtn+troll+motorc,51.274
2002,8004,8008,rtn+brak,50.705
2003,8008,8012,rtn+motorc,50.986
2004,8012,8016,eng+rtn+bird+peop+brak,49.298
2005,8016,8020,eng+rtn+brak,49.891
2006,8020,8024,rtn+troll+impls+brak,49.49
2007,8024,8028,eng+rtn+peop,49.325
2008,8028,8032,eng+rtn+bird+motorc,48.872
2009,8032,8036,rtn+motorc+peop+brak,49.041
2010,8036,8040,eng+rtn,48.949
2011,8040,8044,rtn+bird+peop,49.032
2012,8044,8048,eng+rtn+brak,49.45
2013,8048,8052,rtn+brak+impls+eng,50.002
2014,8052,8056,rtn+motorc,49.95
2015,8056,8060,rtn+bird,48.021
2016,8060,8064,rtn+motorc,46.858
2017,8064,8068,eng+rtn+motorc+troll,45.641
2018,8068,8072,rtn+peop+eng+brak,46.439
2019,8072,8076,rtn+eng+peop,46.155
2020,8076,8080,eng+rtn+brak,46.784
2021,8080,8084,eng+rtn+brak+sire+cdoor,46.205
2022,8084,8088,rtn+peop,46.951
2023,8088,8092,eng+rtn+bird+peop,47.034
2024,8092,8096,eng+rtn+troll,48.506
2025,8096,8100,rtn+bird+impls,47.678
2026,8100,8104,rtn+motorc,46.894
2027,8104,8108,rtn+troll,47.03
2028,8108,8112,rtn+brak+peop+cdoor,46.484
2029,8112,8116,eng+rtn+brak,45.571
2030,8116,8120,eng+rtn+bird+peop,44.928
2031,8120,8124,rtn+peop+eng,46.498
2032,8124,8128,eng+rtn+brak+impls,46.169
2033,8128,8132,rtn+bird,45.587
2034,8132,8136,rtn+cdoor+peop,46.942
2035,8136,8140,rtn+eng+horn,45.951
2036,8140,8144,rtn,44.883
2037,8144,8148,rtn+troll+motorc,45.352
2038,8148,8152,rtn+bird+eng,46.742
2039,8152,8156,eng+rtn+bird+peop,46.588
2040,8156,8160,eng+rtn+brak,46.043
2041,8160,8164,rtn+peop+impls+brak,48.028
2042,8164,8168,rtn+sire+brak+peop,48.823
2043,8168,8172,rtn+bird+peop,49.197
2044,8172,8176,rtn+bird,48.607
2045,8176,8180,rtn+peop,49.563
2046,8180,8184,eng+rtn+bird+hdoor+peop,50.684
2047,8184,8188,eng+rtn+bird,51.046
2048,8188,8192,rtn+cdoor+peop,52.13
2049,8192,8196,eng+rtn+brak+bird,52.886
2050,8196,8200,rtn+eng+peop,51.81
2051,8200,8204,rtn+eng+peop,52.255
2052,8204,8208,eng+rtn+peop+brak,53.786
2053,8208,8212,rtn+peop+glass+impls,56.445
2054,8212,8216,rtn+bird+eng,58.083
2055,8216,8220,eng+rtn,57.116
2056,8220,8224,rtn+motorc+bird,55.279
2057,8224,8228,eng+rtn+brak+peop,54.752
2058,8228,8232,rtn+motorc,55.516
2059,8232,8236,rtn+brak,54.645
2060,8236,8240,rtn+bird+eng,53.328
2061,8240,8244,eng+rtn+bird+motorc,53.299
2062,8244,8248,rtn+bird+eng,53.134
2063,8248,8252,eng+rtn+bird,54.81
2064,8252,8256,rtn+bird+peop+brak,53.853
2065,8256,8260,rtn+peop+brak,53.74
2066,8260,8264,eng+rtn+peop,54.838
2067,8264,8268,rtn+bird,53.867
2068,8268,8272,rtn+sire+peop+eng,54.294
2069,8272,8276,rtn+cdoor,54.429
2070,8276,8280,eng+rtn+bell+troll+bird+peop,53.596
2071,8280,8284,eng+rtn,53.183
2072,8284,8288,eng+rtn+motorc+bird,53.261
2073,8288,8292,eng+rtn+peop+glass+motorc,52.754
2074,8292,8296,rtn+troll+motorc,51.912
2075,8296,8300,eng+rtn+motorc+wind,53.092
2076,8300,8304,eng+rtn+impls+bird,53.82
2077,8304,8308,rtn+eng+bird+brak,54.725
2078,8308,8312,rtn+brak+cdoor,53.701
2079,8312,8316,rtn+troll+brak+motorc+eng,55.119
2080,8316,8320,eng+rtn+peop,54.495
2081,8320,8324,rtn+bird,56.371
2082,8324,8328,rtn+eng,56.637
2083,8328,8332,rtn+motorc,58.496
2084,8332,8336,eng+rtn+bird+peop+brak+hdoor,58.307
2085,8336,8340,rtn+motorc,57.501
2086,8340,8344,rtn+motorc+eng+peop,56.522
2087,8344,8348,rtn+dog+motorc+bird,53.792
2088,8348,8352,eng+rtn+bird,52.897
2089,8352,8356,eng+rtn+motorc,53.547
2090,8356,8360,eng+rtn+bird+peop+troll,55.467
2091,8360,8364,eng+rtn+hdoor+motorc,57.921
2092,8364,8368,rtn+eng,58.232
2093,8368,8372,rtn+bird+impls,55.441
2094,8372,8376,eng+rtn+bird+brak+peop,53.539
2095,8376,8380,rtn+motorc+peop,57.95
2096,8380,8384,rtn+eng+impls+brak,55.436
2097,8384,8388,eng+rtn+brak,54.012
2098,8388,8392,rtn+peop,54.059
2099,8392,8396,eng+rtn+motorc+peop,54.89
2100,8396,8400,rtn+eng+cdoor+bird,55.454
2101,8400,8404,rtn+peop+motorc+brak,55.691
2102,8404,8408,rtn+peop+eng,54.55
2103,8408,8412,rtn+troll+peop,52.535
2104,8412,8416,eng+rtn+cdoor+bird,52.795
2105,8416,8420,cmplx,50.458
2106,8420,8424,rtn+cdoor+peop,52.581
2107,8424,8428,eng+rtn+impls+motorc+peop+bird,50.323
2108,8428,8432,rtn+motorc+bird+impls,49.268
2109,8432,8436,rtn+glass+brak,47.275
2110,8436,8440,rtn+impls,48.147
2111,8440,8444,eng+rtn,46.813
2112,8444,8448,eng+rtn+peop+motorc,44.824
2113,8448,8452,eng+rtn+peop+motorc,44.529
2114,8452,8456,rtn+brak+peop,43.357
2115,8456,8460,rtn,43.84
2116,8460,8464,eng+rtn+bird,44.985
2117,8464,8468,rtn+eng,43.769
2118,8468,8472,rtn+eng+motorc,43.041
2119,8472,8476,eng+rtn+cdoor+sire,43.676
2120,8476,8480,cmplx,43.619
2121,8480,8484,rtn+motorc+peop,44.802
2122,8484,8488,rtn+brak+motorc+bell,45.203
2123,8488,8492,rtn+motorc+eng,44.305
2124,8492,8496,eng+rtn+motorc,44.393
2125,8496,8500,rtn+motorc,44.688
2126,8500,8504,rtn+bird+brak+impls,44.38
2127,8504,8508,eng+rtn+bird+peop,44.26
2128,8508,8512,eng+rtn+motorc,44.945
2129,8512,8516,eng+rtn+motorc,45.397
2130,8516,8520,rtn+eng,45.481
2131,8520,8524,rtn+peop+eng,46.172
2132,8524,8528,rtn+glass+hdoor,47.216
2133,8528,8532,rtn+peop+bird+impls,46.961
2134,8532,8536,rtn+bird+brak+dog,46.052
2135,8536,8540,eng+rtn+brak+troll,46.346
2136,8540,8544,eng+rtn+impls,46.306
2137,8544,8548,rtn+troll+peop,46.728
2138,8548,8552,rtn+bird,46.845
2139,8552,8556,rtn+bird+horn,48.104
2140,8556,8560,rtn+eng+bird,47.477
2141,8560,8564,eng+rtn+cdoor+sire,46.851
2142,8564,8568,rtn+motorc,48.249
2143,8568,8572,eng+rtn+bird+peop,48.874
2144,8572,8576,rtn+bird+motorc,50.118
2145,8576,8580,rtn+eng,52.296
2146,8580,8584,rtn+bird+peop+sire,54.387
2147,8584,8588,rtn+bird+peop+sire+brak,56.771
2148,8588,8592,eng+rtn+hdoor+peop+motorc,58.248
2149,8592,8596,rtn+bird+peop+brak,58.459
2150,8596,8600,rtn+brak+peop,56.593
2151,8600,8604,eng+rtn+bird,54.747
2152,8604,8608,eng+rtn+bird,55.602
2153,8608,8612,rtn+impls+peop,56.356
2154,8612,8616,rtn+eng,57.268
2155,8616,8620,rtn+bird+bike,58.051
2156,8620,8624,rtn+brak+peop+motorc,59.302
2157,8624,8628,eng+rtn+bird,59.57
2158,8628,8632,rtn+motorc,59.566
2159,8632,8636,eng+rtn+bird,59.933
2160,8636,8640,eng+rtn+motorc+bird,59.761
2161,8640,8644,eng+rtn+hdoor+motorc,58.793
2162,8644,8648,cmplx,60.325
2163,8648,8652,rtn+eng,60.379
2164,8652,8656,rtn+bird+peop,58.794
2165,8656,8660,cmplx,57.265
2166,8660,8664,rtn+eng,57.21
2167,8664,8668,rtn+brak+bird,58.111
2168,8668,8672,eng+rtn+troll+peop+bird,56.71
2169,8672,8676,eng+rtn+bird+peop+brak+hdoor,57.249
2170,8676,8680,eng+rtn+motorc+peop,56.197
2171,8680,8684,rtn+motorc+impls,57.415
2172,8684,8688,rtn,56.916
2173,8688,8692,eng+rtn+bird+horn,57.94
2174,8692,8696,eng+rtn+bird,57.599
2175,8696,8700,rtn+bird+peop,56.639
2176,8700,8704,eng+rtn+motorc+peop+horn,56.593
2177,8704,8708,eng+rtn+peop,56.706
2178,8708,8712,eng+rtn,54.767
2179,8712,8716,rtn+bird+troll,54.653
2180,8716,8720,rtn+troll+brak+motorc+eng,53.356
2181,8720,8724,eng+rtn+hdoor+bird+peop+cdoor+horn,51.729
2182,8724,8728,rtn+peop+cdoor,51.76
2183,8728,8732,rtn,51.07
2184,8732,8736,rtn+eng+bird,51.025
2185,8736,8740,eng+rtn+peop+motorc,50.748
2186,8740,8744,eng+rtn+bird+peop+motorc,48.865
2187,8744,8748,rtn+troll+peop,48.26
2188,8748,8752,eng+rtn+bird+cdoor,48.601
2189,8752,8756,eng+rtn+bird,49.474
2190,8756,8760,eng+rtn+motorc,50.1
2191,8760,8764,rtn+troll+impls+brak,49.226
2192,8764,8768,eng+rtn+brak+peop,49.653
2193,8768,8772,rtn+wind+motorc,52.523
2194,8772,8776,rtn+eng+bird,51.967
2195,8776,8780,rtn+motorc,50.237
2196,8780,8784,rtn+impls+eng,49.825
2197,8784,8788,rtn+motorc,51.83
2198,8788,8792,rtn,51.32
2199,8792,8796,eng+rtn+brak+sire+cdoor,49.481
2200,8796,8800,rtn+eng+bird,51.285
2201,8800,8804,eng+rtn+brak,49.669
2202,8804,8808,rtn+bird+brak+peop+impls,50.628
2203,8808,8812,eng+rtn+bird+brak,51.955
2204,8812,8816,rtn+bird,52.169
2205,8816,8820,rtn+cdoor+peop,51.627
2206,8820,8824,rtn+motorc,49.977
2207,8824,8828,rtn+brak+eng,50.443
2208,8828,8832,rtn+eng,48.987
2209,8832,8836,rtn+glass,48.276
2210,8836,8840,eng+rtn+bird+motorc+peop,49.094
2211,8840,8844,rtn+brak+eng,48.145
2212,8844,8848,eng+rtn,47.186
2213,8848,8852,rtn+glass+bird+peop,46.818
2214,8852,8856,rtn+bird+brak,46.84
2215,8856,8860,eng+rtn+bird+peop,46.312
2216,8860,8864,eng+rtn+bird,47.188
2217,8864,8868,eng+rtn,46.539
2218,8868,8872,eng+rtn,46.497
2219,8872,8876,rtn+eng+brak,47.287
2220,8876,8880,rtn+motorc+eng,46.911
2221,8880,8884,rtn+peop+cdoor,45.938
2222,8884,8888,eng+rtn+peop+impls,45.61
2223,8888,8892,eng+rtn+motorc+bird,45.34
2224,8892,8896,rtn+bird,45.164
2225,8896,8900,eng+rtn+bird,48.297
2226,8900,8904,rtn+troll+eng,46.595
2227,8904,8908,rtn,48.44
2228,8908,8912,rtn+motorc+bird,46.971
2229,8912,8916,eng+rtn+brak+peop,47.355
2230,8916,8920,rtn+horn+bird,46.306
2231,8920,8924,eng+rtn+hdoor+bird+peop+cdoor+horn,47.468
2232,8924,8928,eng+rtn+peop,49.096
2233,8928,8932,eng+rtn+brak+peop,50.642
2234,8932,8936,eng+rtn+bird+motorc,50.787
2235,8936,8940,rtn+brak,51.449
2236,8940,8944,eng+rtn+impls,51.715
2237,8944,8948,rtn+peop+motorc,55.258
2238,8948,8952,rtn+motorc,54.461
2239,8952,8956,rtn+impls+glass+bird+peop,58.885
2240,8956,8960,eng+rtn,59.09
2241,8960,8964,eng+rtn+troll+peop+bird,58.97
2242,8964,8968,rtn+peop+troll+sire,58.338
2243,8968,8972,eng+rtn+bird+peop,56.773
2244,8972,8976,rtn+motorc+impls+eng,56.269
2245,8976,8980,rtn+eng+peop+impls,57.315
2246,8980,8984,eng+rtn+bird+brak,57.266
2247,8984,8988,rtn+bird,56.868
2248,8988,8992,eng+rtn+brak,56.918
2249,8992,8996,rtn+glass+brak,55.897
2250,8996,9000,rtn+bird+motorc+dog,56.456
2251,9000,9004,rtn+eng,56.87
2252,9004,9008,rtn+motorc,55.532
2253,9008,9012,rtn+cdoor+peop,54.646
2254,9012,9016,eng+rtn+motorc+peop,54.973
2255,9016,9020,rtn+peop+bird+impls,53.583
2256,9020,9024,rtn+bird+brak+peop,52.825
2257,9024,9028,rtn+peop+brak,52.516
2258,9028,9032,rtn+bird,53.086
2259,9032,9036,eng+rtn,51.892
2260,9036,9040,rtn+peop+bird+impls,53.403
2261,9040,9044,eng+rtn+brak+motorc,53.701
2262,9044,9048,eng+rtn+peop+bird,53.519
